source,song_name,song_by,Classification,Mood,Video Theme,Instrument,Genre,BPM,LMM Description,Number,
Artlist,My Rhapsody Sounds - Short Version A,Assaf Ayalon,Happy,"Uplifting, Happy, Carefree, Love, Playful","Business, Food, Education, Lifestyle, Urban","Acoustic Guitar, Keys","Cinematic, Acoustic, Pop, Folk, Children, Corporate",145,"A positive and uplifting acoustic folk track with an upbeat rhythm and a happy melody. The acoustic guitar strums a catchy rhythm while the piano and celeste play a beautiful melody. The bass and drums add a lively beat to the track. This music is perfect for use in commercials, advertising, and other media projects that need a cheerful and optimistic mood.",1,
Artlist,Laid Back - Short Version A,The Mind Sweepers,Agitated,"Powerful, Serious, Angry","Road Trip, Sport & Fitness, Fashion, Industry","Electric, Guitar, Acoustic Drums",Rock,78,"This is a powerful and energetic rock music track with catchy electric guitar riffs, hard hitting drums, and upbeat bass. The track is perfect for use in sports videos, advertising, commercials, corporate videos, and more. It will certainly add a touch of energy and excitement to your project.",2,
Artlist,Far Taj,ZISO,Vigorous,"Uplifting, Powerful, Carefree, Groovy","Travel, Shorts","Ethnic, Electronic Drums, Bass","World, Electronic, Hip Hop",96,"A traditional Indian Bhangra track with modern hip hop beats and groovy percussion. The lively and upbeat mood will evoke feelings of joy and celebration. The main instruments include the sitar, tabla, and dholak. This track would be perfect for a commercial, advertisement, or vlog that needs a catchy and upbeat background music.",3,
Artlist,The Stones - Short Version,Wild Tulip,Sad,"Love, Serious, Dramatic, Sad, Hopeful","Time-Lapse, Documentary, Road Trip, Medical, Landscape, Nature, Slow Motion",Piano,Cinematic,69,"This piece is a solo piano instrumental with a dark, somber mood. It is a very reflective and introspective piece, with a feeling of contemplation and deep thought. The music is slow and deliberate, with a melancholic tone. The piano is the featured instrument, with a simple melody that is repeated throughout the piece. The music is very reflective and introspective, with a feeling of contemplation and deep thought. It is perfect for use in scenes of contemplation, reflection, and introspection, as well as for scenes of sadness, loneliness, and despair.",4,
Artlist,Fixed - Short Version B,Swirling Ship,Serious,"Serious, Dramatic, Scary, Dark","Time-Lapse, Drone Shots, Nature, Slow Motion","Electric Guitar, Synth, Electronic Drums, Pads","Ambient, Country, Cinematic",121,"The music is mysterious and dramatic, featuring a soothing flute melody, evocative strings, and atmospheric pads. The mood is suspenseful and ominous, creating a sense of tension and intrigue. The instruments include the flute, strings, and pads. This music would be suitable for a wide range of video themes, including crime and mystery, horror, and suspense. It could also be used in documentaries, video games, and trailers to create a sense of tension and anticipation.",5,
Artlist,Inside the War,Alon Ohana,Serious,"Powerful, Serious, Dramatic, Angry, Tense, Scary, Dark","Time-Lapse, Landscape, Nature, Slow Motion, Travel, Trailer","Acoustic Drums, Percussion, Backing Vocals","Cinematic, World",74,"The mood of this music is epic, dramatic, and suspenseful. The genre of this music can be classified as experimental, ambient electronic, and sound collage. The instruments used in this music include synthesizers, drums, and vocal samples. This music would be suitable for use in video games, film, and television, particularly in scenes that require a sense of tension, danger, or anticipation.",6,
Artlist,Locked in Silence - Short Version C,Assaf Ayalon,Dreamy,"Love, Serious, Dramatic, Hopeful, Sexy","Technology, Time-Lapse, Food, Road Trip, Lifestyle, Urban, Drone Shots, Landscape, Slow Motion","Brass, Pads","Jazz, Cinematic",119,"A mellow, warm and relaxed jazz / soul / funk track featuring a trumpet solo. The track is a little nostalgic and has a feeling of something you might hear in a lounge bar or a club. The track is slow and relaxed and has a relaxed, chilled out vibe.",7,
Artlist,How Could I Know - Intro,Ziv Moran,Happy,"Uplifting, Happy, Carefree, Love, Dramatic, Playful, Hopeful, Funny, Exciting","Time-Lapse, Food, Road Trip, Lifestyle, Urban, Fashion, Medical, Industry, Drone Shots, Landscape, Nature, Travel, Shorts","Piano, Strings, Percussion, Bells, Keys, Electronic Drums, Woodwinds","Cinematic, Fantasy",118,"An inspiring, uplifting and hopeful Christmas music track with orchestral instruments such as strings, brass, piano, choir, bells, and percussion. It evokes the magic and joy of the holiday season. Perfect for advertising, TV, YouTube, Christmas videos, films, documentaries, and much more.",8,
Artlist,Coming Over - Short Version B,Dan Ayalon,Happy,"Uplifting, Carefree, Serious, Playful",Education,"Mandolin & Ukulele, Acoustic Guitar, Percussion, Whistle","Country, Cinematic, World, Acoustic, Latin, Corporate",70,"The music is a happy and upbeat reggae instrumental with a whistling melody. The song is medium tempo with a bouncy bass line, a groovy drum beat, and a lively piano accompaniment. The music is perfect for use in commercials, advertising, and marketing campaigns. It is also suitable for use in travel videos, vacation videos, and videos about tropical destinations. The music is upbeat and energetic, making it perfect for use in scenes that require a sense of excitement and joy.",9,
Artlist,The 8 Oclock Story - Intro,Ziv Moran,Happy,"Uplifting, Powerful, Carefree, Serious, Dramatic, Playful, Hopeful, Exciting","Business, Technology, Time-Lapse, Urban, Industry, Slow Motion","Bells, Synth, Keys, Electronic Drums","Cinematic, Electronic",116,"This is a bright and uplifting background music track featuring piano, strings, brass, and powerful drums. The uplifting and inspirational mood will evoke feelings of joy, happiness, and motivation. It will certainly work well with corporate videos, business projects, presentations, commercials, advertising, TV ads, YouTube videos, vlogs, and more.",10,
Artlist,Modern Life Is Thin and Shallow,Kyle Preston,Dreamy,"Uplifting, Happy, Carefree, Love, Playful, Hopeful","Technology, Time-Lapse, Lifestyle, Urban, Fashion, Medical, Industry, Drone Shots, Landscape, Slow Motion, Travel, Shorts","Strings, Percussion, Bells, Orchestra, Woodwinds","Holiday, Children",135,"The mood, genre, instruments, and suitable video themes for this music would be described as playful, light-hearted, and whimsical. The music features a light orchestra with pizzicato strings, woodwinds, and a celesta. The instruments create a joyful and upbeat sound that evokes a sense of wonder and excitement. This music would be suitable for use in children's movies, animated films, and commercials that aim to capture the magic and joy of childhood.",11,
Artlist,Magnetic Storms - Short Version,Ian Post,Agitated,"Powerful, Serious, Dramatic, Angry, Tense, Hopeful, Dark, Epic","Technology, Sport & Fitness, Urban, Industry, Landscape, Travel, Gaming, Trailer","Electric Guitar, Acoustic Drums, Strings, Synth","Cinematic, Electronic",113,"This track is a hybrid cinematic soundtrack featuring orchestral strings, brass, and epic percussion. The mood is intense and dramatic, perfect for use in film, video games, or trailers. The track begins with a building cinematic intro, leading into a powerful orchestral section with dynamic hits and big bass. The track then builds to a dramatic climax with epic percussion and strings. The final section features a dramatic, powerful ending.",12,
Artlist,Preparing the Cannons,Max H,Agitated,"Serious, Dramatic, Tense, Scary","Technology, Time-Lapse, Fashion, Landscape, Nature, Slow Motion","Acoustic Drums, Percussion, Claps & Snaps","Cinematic, World, Acoustic",75,"This is a dynamic and intense track featuring powerful drums, percussion, and cinematic effects. The music is suitable for action, adventure, and suspense scenes in movies, games, and TV shows. The mood is intense, dramatic, and suspenseful. The instruments include taiko drums, timpani, cymbals, and other percussion. The track is ideal for scenes that require a powerful and intense soundtrack, such as car chases, fight scenes, and action sequences.",13,
Artlist,Sharp Knives - Instrumental Version,Damon Power,Vigorous,"Uplifting, Carefree, Groovy, Exciting","Technology, Urban, Fashion","Synth, Electronic Drums, Bass","Electronic, Hip Hop",150,"A dark and intense trap instrumental with a futuristic, sci-fi vibe. The track features heavy 808 bass, punchy drums, vocal chops, and glitchy sound effects. The mood is tense and intense, with a sense of danger and urgency. The music is perfect for action scenes, sports, and other high-energy content.",14,
Artlist,Rundown,Sam River,Dreamy,"Serious, Dramatic, Exciting","Business, Sport & Fitness, Shorts","Synth, Electronic Drums, Brass, Pads, Bass",Cinematic,0,"A bold and exciting jingle with a sense of excitement and adventure. The main instruments include brass, synthesizers, and drums. The genre/style is action, adventure, and sports. This jingle would be suitable for use in video games, sports broadcasts, and other media that require a sense of excitement and adventure.",15,
Artlist,Be Quiet,Kashido,Humorous,"Playful, Funny, Mysterious","Nature, Slow Motion, Shorts","Piano, Strings, Orchestra, Brass, Woodwinds","Cinematic, Children",50,"This is a sneaky and funny piece of music featuring pizzicato strings, double bass, celesta, and percussion. It has a playful and sneaky mood and is great for comedies, cartoons, and other light-hearted projects.",16,
Artlist,Little One - Short Version,Stanley Gurvich,Calm,"Serious, Dramatic, Sad","Time-Lapse, Documentary, Slow Motion",Piano,"Ambient, Cinematic",109,"A sad and melancholic piano solo, featuring a melancholic and nostalgic melody. The piano is played with a soft and gentle touch, evoking a sense of longing and nostalgia. The mood is one of sadness and melancholy, with a touch of hope. This music would be suitable for use in a drama or documentary, as it creates a sense of sadness and longing. It could also be used in a film or television scene where a character is reflecting on the past or missing someone.",17,
Artlist,Begin Again - Short Version B,Stanley Gurvich,Sad,"Peaceful, Serious, Hopeful","Time-Lapse, Documentary, Drone Shots, Landscape, Slow Motion","Piano, Synth, Pads",Ambient,61,"The mood of the music is emotional, sad, and introspective. The genre of the music is soundtrack, ambient, and instrumental. The instruments used in the music are the piano and strings. This music would be suitable for videos that need a sad and emotional soundtrack, such as films, documentaries, and personal stories.",18,
Artlist,Return - Short Version,Ziv Moran,Happy,"Uplifting, Carefree, Love, Peaceful, Serious, Hopeful","Business, Education, Road Trip, Lifestyle, Urban, Fashion, Medical, Drone Shots, Slow Motion, Travel","Acoustic Guitar, Electric Guitar, Keys, Electronic Drums, Pads","Cinematic, Corporate",102,"This is a positive and inspiring background music track featuring piano, strings, electric guitars, and claps. The uplifting and hopeful mood will evoke feelings of joy and happiness. It will certainly work well with corporate videos, business projects, presentations, commercials, advertising, TV ads, YouTube videos, vlogs, and more.",19,
Artlist,Energetic Loop,Artlist Musical Logos,Vigorous,"Uplifting, Carefree, Groovy, Exciting","Technology, Sport & Fitness, Fashion, Industry, Travel, Commercial, Intros & Logos","Electric Guitar, Acoustic Drums",Rock,115,"A hard-hitting, edgy, gritty, dark and driving rock track with a strong, powerful and intense riff, featuring a driving rhythm section of bass and drums, with a grinding, relentless, and heavy guitar sound. The track has a determined, strong and assertive feel, with a sense of power and confidence. It would suit action, sports, extreme sports, fight scenes, car chases, and other high-octane media.",20,
Artlist,The Most Important - Intro - No SFX,Ziv Moran,Agitated,"Uplifting, Powerful, Serious, Dramatic, Playful, Hopeful, Exciting","Business, Technology, Industry","Acoustic Drums, Strings, Bells, Synth, Keys, Electronic Drums","Cinematic, Electronic",130,"A powerful and epic orchestral theme that evokes the feeling of victory and triumph. Featuring a powerful string section, epic brass, and a dramatic beat, this music is perfect for any scene that needs to convey a sense of triumph and victory. Whether it's a sports victory, a successful business venture, or a personal achievement, this music will help to convey the sense of accomplishment and pride that comes with achieving something great.",21,
Artlist,Childhood Memory Ident,Artlist Musical Logos,Calm,"Dramatic, Sad, Mysterious",Intros & Logos,"Piano, Strings",Cinematic,118,"A piano plays a melancholic melody accompanied by a string section. The song is slow and emotional, with a nostalgic and reflective mood. It could be used in the soundtrack of a drama movie or TV show, particularly in scenes that depict a character reflecting on their past or reminiscing about a loved one. It could also be used in a commercial to evoke a sense of nostalgia or longing.",22,
Artlist,No Land for a War Man - Short Version B,Wild Tulip,Sad,"Serious, Dramatic, Sad, Hopeful","Time-Lapse, Documentary, Urban, Drone Shots, Landscape, Nature, Slow Motion",Piano,"Cinematic, Acoustic, Classical",104,"A solo piano piece that evokes a feeling of sadness and longing. The music is slow and contemplative, with a beautiful melody that is both haunting and captivating. The piano is the sole instrument used in this piece, and it is played with great emotion and passion. This music would be perfect for use in a film or television scene that needs to convey a sense of sadness or longing. It could also be used in a video game or advertisement that needs to evoke a similar emotion.",23,
Artlist,Good Times,Kyle Preston,Calm,"Uplifting, Carefree, Love, Peaceful, Serious, Sad, Playful, Hopeful","Time-Lapse, Documentary, Road Trip, Lifestyle, Science, Medical, Drone Shots, Landscape, Nature, Slow Motion",Piano,Cinematic,128,A warm and nostalgic solo piano track with a calm and sentimental mood. It features a simple and tender melody that is played on a beautiful old upright piano. The piano has a warm and vintage sound that evokes a sense of nostalgia and longing.,24,
Artlist,Cinematic Fantasy Opener,Artlist Musical Logos,Serious,"Serious, Dramatic, Tense","Trailer, Intros & Logos","Synth, Bass",Cinematic,97,"A powerful, cinematic, hybrid trailer track with a strong emphasis on the big, brash, bold, cinematic sound. This track features a huge hybrid orchestra, with lots of big, brash brass, strings, and choir, along with lots of heavy, punchy drums and percussion. It has a big, blockbuster sound, and would be perfect for trailers, video games, and other media projects that require a big, brash, cinematic sound.",25,
Artlist,Orchestral Classic,Artlist Musical Logos,Serious,"Uplifting, Serious, Dramatic, Hopeful, Epic","Drone Shots, Landscape, Slow Motion, Shorts, Intros & Logos","Piano, Strings, Bells, Orchestra",Cinematic,76,"This orchestral piece evokes the feeling of wonder and excitement. The string section provides a sense of wonder, while the brass section adds a sense of triumph. The mood is playful and uplifting. This music would be suitable for a scene in which a character discovers something amazing, such as a magical portal or a hidden treasure. It could also be used in a scene in which a character achieves a great victory, such as winning a competition or defeating a powerful enemy.",26,
Artlist,The Rain Part - Short Version,Assaf Ayalon,Serious,"Uplifting, Carefree, Serious, Exciting","Sport & Fitness, Fashion","Acoustic Guitar, Acoustic Drums, Backing Vocals, Keys","Acoustic, Folk, Corporate",132,"The mood of this music is upbeat, energetic, and positive. The genre of the music is electronic, dance, and pop. The main instruments used in the music are the piano, synthesizer, and electric guitar. This music is perfect for use in corporate videos, business projects, presentations, commercials, advertising, TV ads, YouTube videos, vlogs, and more. It can also be used in fitness and workout videos, as it has a motivational and inspiring tone.",27,
Artlist,Second Smile - Short Version A,LMOP,Humorous,"Playful, Funny, Mysterious",Nature,"Percussion, Bells, Keys, Woodwinds","Cinematic, Children",110,"Quirky and funny music track featuring pizzicato strings, piano, marimba, xylophone, and a light beat. The playful and humorous mood will evoke feelings of childish mischief and silly pranks. It will work well with children's shows, comedy, and reality TV.",28,
Artlist,Lights - Alternative - Short Version,The Places,Humorous,"Uplifting, Carefree, Serious, Playful, Funny","Business, Education","Acoustic Guitar, Acoustic Drums, Percussion, Synth, Keys","Electronic, Acoustic, Children",118,"The mood of this music is positive, uplifting, and happy. The genre of this music is pop, folk, and country. The instruments used in this music are electric guitar, acoustic guitar, bass, and drums. This music is suitable for videos about travel, nature, family, and friendship. It can also be used in the background of commercials, advertisements, and TV shows.",29,
Artlist,Facebook - Short Version,LMOP,Humorous,"Uplifting, Carefree, Love, Playful, Groovy","Food, Education, Road Trip, Lifestyle, Urban","Electric Guitar, Acoustic Drums, Percussion, Claps & Snaps, Whistle, Backing Vocals","Children, Corporate",104,"This music is upbeat, energetic, and cheerful. The instruments used are ukulele, electric guitar, bass, drums, and whistling. The genre of this music is jazz, pop, and blues. This music is suitable for vlogs, YouTube videos, and advertising. It can also be used in corporate videos, business projects, and presentations. The mood of this music is happy, positive, and cheerful.",30,
Artlist,Fun to Wake Up,Artlist Musical Logos,Humorous,"Uplifting, Happy, Carefree, Playful",Intros & Logos,"Acoustic Guitar, Acoustic Drums, Ethnic, Woodwinds","Cinematic, World, Fantasy",110,"A happy and lively medieval folk song featuring a flute, recorder, and strings. It has a lively and energetic feel, perfect for advertising, marketing, and other projects.",31,
Artlist,Action Opening,Artlist Musical Logos,Agitated,"Dramatic, Angry, Tense, Dark","Trailer, Intros & Logos","Electric Guitar, Synth, Electronic Drums, Pads",Cinematic,120,"The music is epic and cinematic with a driving, pulsing beat and layers of guitar and synthesizer. The mood is intense and dramatic, with a sense of urgency and foreboding. The instruments include electric guitar, synthesizer, bass, and drums. This music would be suitable for use in action scenes, chase scenes, and moments of tension in a film or video game.",32,
Artlist,Fall - Short Version,Stanley Gurvich,Sad,"Peaceful, Serious, Dramatic, Sad","Time-Lapse, Documentary, Slow Motion",Piano,Cinematic,90,"A calm, contemplative piano piece with a sad, nostalgic tone. Perfect for drama, tragedy, or reflective moments.",33,
Artlist,The Night of the Bowl,Artlist Musical Logos,Calm,"Love, Peaceful, Hopeful","Lifestyle, Urban, Nature, Vlog, Intros & Logos",Piano,"Cinematic, Classical, Holiday",82,"This is a beautiful, soft, and emotional piano piece that will evoke feelings of nostalgia, longing, and romance. The gentle and soothing piano melody will capture your heart and take you on a journey through memories and emotions. The music is perfect for movies, documentaries, weddings, romantic scenes, and any project that needs a touch of elegance and beauty.",34,
Artlist,Circus Clown - Short Version,Ian Post,Dreamy,"Uplifting, Happy, Carefree, Love, Playful, Hopeful","Technology, Food, Road Trip, Lifestyle, Urban, Medical, Landscape, Nature, Travel","Mandolin & Ukulele, Acoustic Guitar, Piano, Acoustic Drums, Claps & Snaps, Backing Vocals, Keys, Bass","Folk, Corporate",117,"A happy, upbeat and inspiring track featuring acoustic guitar, piano, strings, and percussion. It has a positive and uplifting mood that will make you feel happy and motivated. This track is perfect for use in commercials, advertisements, TV ads, YouTube videos, vlogs, and more.",35,
Artlist,King of Mandol - Short Version B,LMOP,Vigorous,"Uplifting, Happy, Carefree, Playful","Food, Education, Road Trip","Mandolin & Ukulele, Acoustic Drums, Claps & Snaps","Country, Acoustic, Folk",96,"A traditional Irish folk track with a upbeat, happy and energetic mood. Features mandolin, acoustic guitar, claps, hand claps, bass, drums and fiddle. Perfect for St Patrick's Day, Irish videos, advertising, commercials, YouTube videos, vlogs, travel videos, background music, podcasts, and more.",36,
Artlist,Star Dust - Short Version,Kuyani,Vigorous,"Uplifting, Happy, Carefree, Playful, Groovy, Exciting","Business, Technology, Road Trip, Lifestyle, Urban, Party, Travel","Electric Guitar, Synth, Pads","Cinematic, Electronic",117,"A cool and groovy, uplifting, and energetic, electro pop track with a feel-good, summer vibe. Featuring piano, guitars, synths, and drums. Perfect for travel vlogs, commercials, advertising, lifestyle, fashion, corporate videos, YouTube videos, TikTok videos, Instagram stories, Vimeo videos, and more.",37,
Artlist,Others - Short Version B,Wild Tulip,Sad,"Love, Peaceful, Serious, Dramatic, Sad, Hopeful",Documentary,Piano,Cinematic,104,"A sentimental and emotional piano melody plays in the background with a calm and soothing atmosphere. The piano plays the main melody with the addition of a soft and subtle strings section in the background. The song is slow tempo with a steady beat. The song is perfect for use in a drama, documentary, or emotional film scene.",38,
Artlist,Voices - Short Version A,Voices,Dreamy,"Uplifting, Happy, Carefree, Love, Peaceful, Playful, Hopeful, Exciting","Business, Education, Road Trip, Lifestyle","Acoustic Guitar, Electric Guitar, Piano, Percussion, Bells, Backing Vocals","Acoustic, Folk, Corporate",109,"Upbeat, positive, and uplifting music track featuring acoustic guitar, piano, glockenspiel, and claps. The happy and inspiring mood will evoke feelings of joy and happiness. It will certainly work well with corporate videos, business projects, presentations, commercials, advertising, TV ads, YouTube videos, vlogs, and more.",39,
Artlist,SEVEN WONDERS 2,Artlist Musical Logos,Calm,"Love, Peaceful, Playful","Medical, Shorts, Intros & Logos",Piano,Cinematic,89,"A short piano piece that evokes a sense of nostalgia and longing. It is a simple and sweet piece that would be suitable for use in a variety of settings, including film, television, and advertising.",40,
Artlist,Sneaky Pizzicato Logo,Artlist Musical Logos,Humorous,"Playful, Mysterious","Nature, Shorts, Intros & Logos","Strings, Bass","Cinematic, Children",120,"A mischievous and sneaky orchestral piece featuring pizzicato strings, woodwinds, and harp. Great for dramedy, comedies, reality TV, and light tension.",41,
Artlist,Hard Rock Loop,Artlist Musical Logos,Agitated,"Powerful, Carefree, Serious, Dramatic, Angry","Sport & Fitness, Industry, Slow Motion, Gaming, Shorts, Intros & Logos","Electric Guitar, Acoustic Drums",Rock,105,"A hard hitting, edgy rock track with a relentless groove. Featuring gritty, distorted electric guitars, punchy drums and a bassline that keeps the rhythm going. This track is perfect for action scenes, extreme sports, car chases and high intensity moments. It will also work well with commercials, promos and TV ads.",42,
Artlist,Extreme Power Lifter,Artlist Musical Logos,Agitated,"Powerful, Serious, Dramatic, Tense, Dark","Sport & Fitness, Industry, Gaming, Trailer, Intros & Logos","Synth, Electronic Drums, Bass",Cinematic,123,"A powerful, cinematic royalty-free cinematic trailer intro, with epic drums, strings, hits, risers, and edgy sound design, best for trailers, openers, intros, video games, and action scenes.",43,
Artlist,Mysterious Musical Ident 2,Artlist Musical Logos,Sad,"Dramatic, Sad, Playful, Dark, Mysterious","Time-Lapse, Documentary, Landscape, Nature, Slow Motion, Shorts, Intros & Logos","Piano, Bells, Pads",Cinematic,60,"A beautiful and calming orchestral piece that features a gentle piano melody, warm strings, and soft percussion. The music is soothing and calming, creating a sense of peace and tranquility. It is perfect for cinematic projects, commercials, advertisements, and any other media that needs a gentle and calming background.",44,
Artlist,Funk Band Intro 1,Artlist Musical Logos,Vigorous,"Happy, Carefree, Playful","Commercial, Shorts, Intros & Logos","Acoustic Drums, Keys, Brass, Bass",Funk,90,"This groovy and funky jingle features a vintage electric guitar, bass, drums, organ, and horns. It has a retro and vintage vibe that evokes feelings of fun, excitement, and nostalgia. It would be perfect for opening a podcast, video game, or commercial.",45,
Artlist,Jester - Short Version,Ian Post,Dreamy,"Happy, Carefree, Love, Peaceful, Playful, Hopeful","Business, Technology, Time-Lapse, Education, Documentary, Lifestyle, Landscape, Nature, Travel","Mandolin & Ukulele, Piano, Acoustic Drums, Strings, Claps & Snaps, Backing Vocals, Keys","Cinematic, Corporate",108,"A cinematic and ambient piece of music, featuring piano, strings, and synthesizers. The mood is mysterious and reflective, with a sense of intrigue and wonder. The instruments are rich and full, creating a lush and evocative soundscape. This music would be perfect for film, television, or video games, as it has a sense of drama and emotion that would enhance any project.",46,
Artlist,Drive - Short Version,Zac Nelson,Vigorous,"Uplifting, Powerful, Happy, Carefree, Love, Serious, Playful, Hopeful, Exciting","Technology, Road Trip, Urban, Fashion, Industry, Slow Motion, Travel","Acoustic Guitar, Electric Guitar, Acoustic Drums, Backing Vocals","Rock, Pop",83,"A powerful and energetic Indie Rock track featuring catchy guitar riffs, groovy bass lines, punchy drums and epic strings. The driving rhythm and uplifting melodies make it perfect for any project that needs a high-energy and inspiring soundtrack.",47,
Artlist,Likes - Short Version B,LMOP,Humorous,"Uplifting, Happy, Love, Playful","Food, Education","Electric Guitar, Piano, Acoustic Drums, Percussion, Claps & Snaps, Bells, Keys",Children,90,"This is a fun and playful music track featuring ukulele, piano, bass, and drums. The music is bouncy and upbeat, with a carefree and playful mood. It is perfect for use in children's videos, commercials, and other media that needs a light and happy tone.",48,
Artlist,Trickster - Short Version,Ian Post,Happy,"Uplifting, Happy, Carefree, Playful, Hopeful, Exciting","Food, Education, Road Trip, Lifestyle, Nature, Travel","Mandolin & Ukulele, Acoustic Guitar, Acoustic Drums, Strings, Claps & Snaps, Synth, Backing Vocals, Bass","Children, Corporate",97,"This track is a positive and uplifting pop folk track with a catchy melody and a fun, playful vibe. The main instruments are acoustic guitars, ukulele, piano, and a light, airy flute. The rhythm is lively and upbeat, with a bouncy beat and a catchy bassline. The overall mood is cheerful and uplifting, making it perfect for use in commercials, advertising, and other media projects that require a positive and upbeat sound.",49,
Artlist,Takes Me to the Lake - Short Version A,Dan Ayalon,Happy,"Uplifting, Happy, Hopeful","Food, Education, Lifestyle, Urban, Travel","Acoustic Guitar, Acoustic Drums, Percussion, Whistle","Acoustic, Children",92,"A fun and upbeat country folk track with a happy whistling melody. Features acoustic guitar, bass, drums, and piano. Great for advertising, commercials, and any project that needs a positive and carefree vibe.",50,
Artlist,Winter Lullaby - Short Version,Roie Shpigler,Calm,"Uplifting, Love, Peaceful, Dramatic, Hopeful","Time-Lapse, Documentary, Nature, Shorts","Piano, Strings, Keys","Cinematic, Acoustic",70,"Warm and hopeful, featuring a tender piano melody and gentle strings that create a sentimental, nostalgic mood.",51,
Artlist,Astral Annihilation,Artlist Musical Logos,Agitated,"Uplifting, Powerful, Carefree, Serious, Dramatic, Groovy, Exciting","Sport & Fitness, Fashion, Industry, Slow Motion, Gaming, Shorts, Intros & Logos","Electric Guitar, Acoustic Drums",Rock,127,"This is a powerful, aggressive, and energetic hard rock track featuring a catchy riff, a powerful groove, and a dynamic atmosphere. It is perfect for use in action scenes, extreme sports videos, and any content that needs a powerful and energetic soundtrack.",52,
Artlist,Forest Landspace,Artlist Musical Logos,Calm,"Peaceful, Serious","Technology, Lifestyle, Commercial, Vlog, Intros & Logos","Piano, Pads",Cinematic,118,"A soft and ambient background track featuring piano, birds chirping, and atmospheric synths. The music is relaxing and peaceful, creating a tranquil and soothing atmosphere. It is perfect for background music in films, documentaries, or YouTube videos.",53,
Artlist,Baritone Steel and Synth,Artlist Musical Logos,Sad,"Serious, Dramatic, Sad, Hopeful","Landscape, Nature, Slow Motion, Shorts, Intros & Logos","Acoustic Guitar, Electric Guitar, Pads","Country, Folk",74,"Acoustic guitar ballad. A calm, emotional and reflective piece with a slight sense of nostalgia. Perfect for background music, advertising, corporate videos, presentations, YouTube videos, vlogs and more.",54,
Artlist,Happy in the Puddles - Short Version C,Dan Ayalon,Happy,"Carefree, Serious",Education,"Acoustic Drums, Claps & Snaps, Whistle","Cinematic, Acoustic, Children, Corporate",105,"This is a positive and upbeat acoustic track with whistling, piano, claps, acoustic guitar, and a strong beat. The track has a feel-good and happy mood. It is perfect for advertising, commercials, and corporate videos.",55,
Artlist,A Furry Affair - Creative Cut - Alternative,Semo,Humorous,"Uplifting, Happy, Playful, Funny","Food, Education, Nature, Shorts, Intros & Logos","Acoustic Drums, Strings, Bells, Orchestra, Brass, Woodwinds","Cinematic, Children, Retro",160,"The audio is a cartoon music piece. It is a dramatic, energetic, and exciting piece that is perfect for cartoon themes, animation, and comedy shows. The main instruments used in the piece are the trumpet, trombone, and orchestra. The genre of the piece is classical, and it has a playful and humorous mood. It would be perfect for cartoon scenes that require a dramatic and exciting score, such as chase scenes or battle scenes.",56,
Artlist,Mercury - Short Version,Alon Ohana,Serious,"Serious, Groovy",Nature,"Acoustic Drums, Percussion","Cinematic, World, Acoustic",120,"This is a piece of cinematic percussion music with a strong rhythm and driving beat. The music is dramatic and intense, with a sense of urgency and tension. The main instruments are taiko drums, which create a powerful and pounding rhythm that is perfect for action scenes or intense moments in a film or video game. The music is also suitable for use in trailers or advertisements that need to create a sense of excitement and anticipation.",57,
Artlist,The Oldest Man,Alon Ohana,Serious,"Powerful, Serious, Dramatic, Angry, Tense, Scary, Dark","Nature, Slow Motion, Travel, Trailer","Acoustic Drums, Percussion, Claps & Snaps, Backing Vocals, Orchestra, Brass","Cinematic, World",120,"This is a trailer music piece. It has a dramatic and epic mood, with powerful and intense orchestral instruments such as brass, drums, and choir. The genre is soundtrack, which is commonly used in movie trailers and video game soundtracks. Some suitable video or media use cases for this piece could be action movies, video game trailers, and epic commercials.",58,
Artlist,Promised - Short Version B,Ziv Moran,Dreamy,"Uplifting, Powerful, Hopeful, Groovy, Exciting","Road Trip, Lifestyle, Urban, Medical, Landscape, Travel","Acoustic Guitar, Piano, Acoustic Drums, Bells, Backing Vocals","Acoustic, Pop, Folk",102,"A driving, upbeat, acoustic guitar-based instrumental with a driving beat and a sense of movement and progress. The mood is positive and uplifting, with a sense of accomplishment and satisfaction. The main instruments are acoustic guitar, piano, and drums. The genre/style is pop, folk, and instrumental. Suitable uses for this track include background music for corporate videos, presentations, and commercials, as well as in film and television soundtracks.",59,
Artlist,I Remember - Short Version,Voices,Calm,"Love, Peaceful, Serious, Dramatic, Sad, Hopeful","Time-Lapse, Documentary, Landscape, Slow Motion","Piano, Pads","Ambient, Cinematic",118,The audio is a piano and violin duet playing a melancholic melody. The instruments are playing a slow tempo with a soft and warm sound. The genre of the audio is classical. This piece of music would be suitable for use in a romantic or nostalgic scene in a movie or a tv show. It could also be used as background music in a coffee shop or a restaurant.,60,
Artlist,Infinite - Short Version,Kuyani,Vigorous,"Uplifting, Carefree, Hopeful, Groovy","Technology, Time-Lapse, Lifestyle, Urban, Drone Shots, Landscape, Travel","Synth, Keys, Electronic Drums, Pads","Electronic, Pop",90,"A cool and groovy synthwave track with a retro 80s vibe. Featuring vintage synths, analog drums and a catchy bassline. Perfect for vlogs, fashion, commercials, corporate videos, technology, sports, lifestyle, and more.",61,
Artlist,Talk - Short Version,Alon Ohana,Serious,"Serious, Dramatic, Tense, Scary, Dark","Time-Lapse, Drone Shots, Slow Motion, Trailer","Strings, Bells, Synth, Backing Vocals, Keys, Pads","Ambient, Cinematic, Classical",114,Mysterious and dark cinematic track with a beautiful melody played by the celesta and strings. The strings give the feeling of a sad story and the celesta gives a feeling of a dreamy atmosphere.,62,
Artlist,Emotional Piano and Percussion 1,Artlist Musical Logos,Serious,"Uplifting, Serious, Dramatic, Hopeful, Epic","Landscape, Travel, Shorts, Intros & Logos","Piano, Strings, Percussion, Synth",Cinematic,100,"A cinematic and suspenseful track with a strong orchestral feel, featuring piano, strings, and brass. The dramatic and suspenseful mood is perfect for use in film, TV, or video games, particularly in scenes of tension, action, or suspense. The track is also suitable for use in corporate or business videos, presentations, and other media projects that require a powerful and inspiring soundtrack.",63,
Artlist,Oriental Rock Opener 2,Artlist Musical Logos,Agitated,"Uplifting, Hopeful, Exciting",Intros & Logos,"Electric Guitar, Acoustic Drums, Strings, Ethnic","Cinematic, World",105,"This is a powerful and epic cinematic track featuring a hybrid orchestral arrangement with strings, brass, choir, percussion, and powerful synths. The track starts with a cinematic intro and builds up to a powerful climax with epic drums, choir, and strings. The track is perfect for use in trailers, film, video games, and commercials.",64,
Artlist,Synth and Whistle,Artlist Musical Logos,Dreamy,"Peaceful, Hopeful",Intros & Logos,"Piano, Whistle, Pads","Cinematic, Pop",122,"A peaceful and tranquil track featuring an Irish flute melody accompanied by a piano and atmospheric pads. Perfect for documentaries, nature videos, or advertising.",65,
Artlist,Forever as a Melody - Short Version C,Assaf Ayalon,Dreamy,"Peaceful, Serious, Dramatic, Hopeful","Documentary, Road Trip, Medical, Landscape","Acoustic Guitar, Piano, Acoustic Drums, Strings","Cinematic, Acoustic, Folk",107,"A warm and gentle, organic folk track featuring acoustic guitar, piano, bass, and drums. The track evokes feelings of hope, inspiration, and happiness. It's perfect for advertising, corporate videos, business projects, presentations, and more.",66,
Artlist,Wild - Short Version,Swirling Ship,Sad,"Love, Serious, Dramatic, Sad, Hopeful","Time-Lapse, Food, Documentary, Road Trip, Lifestyle, Nature, Slow Motion","Acoustic Guitar, Backing Vocals","Country, Acoustic, Indie, Folk",110,A melancholic and eerie acoustic guitar piece. Perfect for a dramatic scene or as a background for a sad moment.,67,
Artlist,It's That Feeling - Instrumental Version,Ariel Shalom,Agitated,"Uplifting, Powerful, Carefree, Groovy, Exciting","Urban, Travel, Shorts","Percussion, Ethnic, Electronic Drums","World, Hip Hop",70,"This track is a very cool and energetic hip hop beat with an oriental flavor. The main instruments are the Turkish Oud and the traditional Turkish instrument called the Dumbek. The beat is very strong and energetic with a cool hip hop groove. This track is perfect for advertising, commercials, and video projects that need a cool and energetic hip hop beat with an oriental flavor.",68,
Artlist,No Land for a War Man - Short Version A,Wild Tulip,Sad,"Serious, Dramatic, Sad","Time-Lapse, Documentary, Road Trip, Urban, Drone Shots, Landscape, Nature, Slow Motion",Piano,"Cinematic, Acoustic, Classical",101,"A beautiful, emotional piano solo that evokes feelings of longing and nostalgia. The melody is simple and heartfelt, making it perfect for use in films, documentaries, and personal projects.",69,
Artlist,Oblivion Cult,Artlist Musical Logos,Agitated,"Uplifting, Powerful, Carefree, Groovy, Exciting","Technology, Sport & Fitness, Urban, Fashion, Industry, Travel, Commercial, Shorts, Intros & Logos","Electric Guitar, Acoustic Drums",Rock,83,"This is a powerful and energetic hard rock music track with catchy riffs, hard-hitting drums and a punchy bass. The powerful and energetic sound will make your video stand out and grab the attention of your audience. It will work well with action, sports, and commercials.",70,
Artlist,Chapter 2 - Short Version A,The Places,Vigorous,"Uplifting, Happy, Carefree, Love, Playful, Hopeful, Exciting","Business, Food, Education, Lifestyle, Urban","Mandolin & Ukulele, Acoustic Guitar, Acoustic Drums, Percussion, Backing Vocals, Keys","Acoustic, Corporate",125,"A cool and groovy track featuring a warm bass, acoustic guitar, electric guitar, piano, and drums. The mood is upbeat and positive, with a catchy and inspiring melody. The genre is pop, with a touch of folk and indie. This track would be perfect for use in corporate videos, advertisements, and commercials, as well as in vlogs and lifestyle videos.",71,
Artlist,Flow Free - Short Version,Manos Mars,Dreamy,"Uplifting, Carefree, Serious, Exciting","Business, Party, Fashion","Claps & Snaps, Bells, Synth, Keys, Pads","Cinematic, Electronic, Pop, Corporate",126,"A dreamy, reflective, and introspective indie pop track featuring electric guitar, strings, and piano. The soft and gentle instrumentation evokes a sense of longing and introspection, creating a calming and reflective mood. The track's gentle melody and harmonies make it suitable for use in cinematic moments, romantic scenes, or moments of contemplation. It could also work well in advertisements, vlogs, or YouTube videos that require a relaxed and emotional soundtrack.",72,
Artlist,Rancid Life - Short Version C,The Mind Sweepers,Agitated,"Powerful, Carefree, Serious, Angry, Exciting","Road Trip, Sport & Fitness, Urban, Fashion, Industry","Electric Guitar, Acoustic Drums, Synth",Rock,107,"A fun and upbeat rock track featuring electric guitars, bass, and drums. The catchy guitar riff and upbeat drums create a lively and energetic mood that is perfect for use in commercials, advertisements, and videos that need a boost of energy. The track is also suitable for use in sports, fitness, and workout videos as it motivates and inspires listeners to push themselves to their limits.",73,
Artlist,Mandolin & Guitars,Artlist Musical Logos,Calm,"Uplifting, Love, Peaceful, Hopeful","Business, Lifestyle, Medical, Drone Shots, Landscape, Nature, Weddings, Shorts, Intros & Logos","Mandolin & Ukulele, Acoustic Guitar, Bass","Country, Cinematic",120,"This is a beautiful, calm, and relaxing acoustic guitar background music. It features a soft acoustic guitar strumming with gentle bass and piano accompaniment. The music is perfect for background music, vlogs, YouTube videos, advertising, marketing, and more.",74,
Artlist,Dreaming - Short Version,Stanley Gurvich,Calm,"Peaceful, Hopeful","Time-Lapse, Documentary, Landscape, Slow Motion",Bells,"Ambient, Electronic",117,"A serene and contemplative ambient track featuring a delicate electric piano melody and subtle synth pads. This music has a calm and peaceful mood, making it suitable for scenes of reflection, contemplation, or quiet moments. It could also work well in documentaries, nature footage, or yoga videos.",75,
Artlist,The Truth Is Close,Artlist Musical Logos,Serious,"Serious, Dramatic, Dark","Technology, Science, Intros & Logos","Synth, Pads",Electronic,115,"A dark and suspenseful piece of electronic music with a tense atmosphere, perfect for cinematic moments, thrillers, and action scenes. The piano and strings provide a sense of drama and tension, while the pulsing beats and electronic elements create a sense of unease and anticipation. This music would be suitable for use in film, television, and video games.",76,
Artlist,Emotional String Section Intro,Artlist Musical Logos,Serious,"Serious, Dramatic, Hopeful, Epic, Mysterious","Drone Shots, Landscape, Slow Motion, Shorts, Intros & Logos","Strings, Bells, Orchestra","Cinematic, Fantasy",74,"This is a dramatic and emotional orchestral theme with a strong sense of awe and wonder. The music opens with a lush and sweeping string melody that builds into a full orchestral tutti. The theme is dramatic and intense, with a sense of grandeur and majesty. The music is perfect for use in film, television, and video games that require a sense of wonder and awe.",77,
Artlist,Cyber Warfare,Artlist Musical Logos,Serious,"Serious, Dramatic, Tense, Dark","Drone Shots, Landscape, Slow Motion, Shorts, Intros & Logos","Strings, Bells, Orchestra","Cinematic, Fantasy",81,"A dark and intense track with heavy guitars, bass, drums, and synths. The mood is suspenseful and ominous, with a feeling of danger and uncertainty. The main instruments are guitars, bass, drums, and synths. The genre/style is electronic, soundtrack, and instrumental. Suitable video or media use cases could include horror movies, thrillers, video games, and suspenseful scenes in movies or TV shows.",78,
Artlist,The Valley Man - Short Version A,Alon Ohana,Happy,"Uplifting, Happy, Carefree, Love, Peaceful, Playful, Hopeful","Food, Education, Lifestyle, Medical, Drone Shots, Landscape, Nature, Travel","Mandolin & Ukulele, Acoustic Guitar, Percussion, Claps & Snaps, Whistle, Electronic Drums","World, Pop, Children, Corporate",105,"A soft and warm music track with a whistling melody, acoustic guitar, piano, and a groovy hip-hop beat. The relaxed and gentle mood will evoke feelings of happiness and joy. It will certainly work well with corporate videos, business projects, presentations, commercials, advertising, TV ads, YouTube videos, vlogs, and more.",79,
Artlist,Dobro & Band 2,Artlist Musical Logos,Happy,"Uplifting, Happy, Carefree, Hopeful","Road Trip, Lifestyle, Landscape, Nature, Travel, Shorts, Intros & Logos","Mandolin & Ukulele, Acoustic Guitar, Electric Guitar, Acoustic Drums","Country, Folk",84,"A happy and carefree acoustic guitar plays a simple melody while a bass guitar and steady drum beat keep the rhythm. A pedal steel guitar plays a slide melody that adds a country feel to the track. The track has a laid back, relaxed vibe that is perfect for a summer day or a road trip. It would work well in a commercial for a car or a beer company.",80,
Artlist,Northern Saints - Short Version A,LMOP,Vigorous,"Uplifting, Happy, Carefree, Serious","Food, Education, Road Trip, Travel","Mandolin & Ukulele, Acoustic Drums","Country, Acoustic, Folk",77,"A quirky, energetic and playful folk track featuring acoustic guitars, mandolin, banjo, bass and drums. Perfect for advertising, commercials, children's videos, corporate presentations, travel, documentaries, YouTube videos, vlogs, and more.",81,
Artlist,Event Ceremony Logo,Artlist Musical Logos,Dreamy,"Uplifting, Carefree, Exciting","Technology, Lifestyle, Travel, Commercial, Vlog, Shorts, Intros & Logos","Synth, Keys","Electronic, Pop",78,"This is a powerful, energetic and dynamic royalty free electronic track with a modern vibe, featuring a powerful synth bass, big hits, plucks, and a catchy lead melody. Perfect for action, sports, trailers, games, or any other media projects that need a powerful and energetic soundtrack.",82,
Artlist,Positive Persistent Pluck Sequence 2,Artlist Musical Logos,Vigorous,"Uplifting, Happy, Carefree, Groovy, Exciting","Party, Fashion, Commercial, Intros & Logos","Synth, Backing Vocals, Electronic Drums",Electronic,125,"A groovy and energetic royalty free electronic track with cool piano, groovy bass, punchy drums, and vocal chops. Great for commercials, vlogs, sport videos, fashion, or workout content.",83,
Artlist,Melancholic Sonata,Artlist Musical Logos,Sad,"Love, Dramatic, Sad",Intros & Logos,Piano,"Cinematic, Classical",116,"The audio is a solo piano performance of a short, ominous melody. The piece is slow and dramatic, with a sense of tension and foreboding. The piano is played with a deep, rich tone, and the melody is played with a sense of melancholy and sadness. The piece would be well-suited for use in a horror film or video game, as it creates a tense and unsettling atmosphere.",84,
Artlist,Call from the Hills - Short Version B,Wild Tulip,Sad,"Love, Serious, Dramatic, Sad, Hopeful","Time-Lapse, Documentary, Road Trip, Landscape, Slow Motion",Piano,Cinematic,123,"A sentimental, nostalgic, and emotional piano solo with a sentimental and nostalgic mood. The main instruments are the piano. The genre/style is soundtrack, classical, and folk. This music is suitable for nostalgic, sentimental, and emotional scenes in movies, documentaries, and advertisements.",85,
Artlist,Space Race - Short Version,Dan Ayalon,Sad,"Serious, Dramatic, Sad",Science,"Acoustic Guitar, Bells, Synth","Ambient, Cinematic",65,"A mysterious and tense music track featuring acoustic guitar, strings, and percussion. The music is suspenseful and evokes a sense of intrigue and danger. The guitar is strummed with a steady rhythm, while the strings add a lush and dramatic sound. The percussion provides a subtle beat that keeps the music moving forward. The music is perfect for use in films, TV shows, and video games that require a sense of tension and mystery.",86,
Artlist,Otherworldly Tales Logo,Artlist Musical Logos,Serious,"Love, Dramatic, Dark, Mysterious","Time-Lapse, Documentary, Landscape, Slow Motion, Shorts, Intros & Logos","Piano, Strings, Backing Vocals, Pads","Ambient, Cinematic",75,"A dark, suspenseful, and dramatic track featuring piano, strings, and synths. The atmosphere is tense and unsettling, perfect for horror, suspense, and thriller projects.",87,
Artlist,The Valley Man - Short Version B,Alon Ohana,Happy,"Happy, Carefree, Love, Playful, Hopeful","Business, Time-Lapse, Food, Education, Lifestyle, Urban, Travel","Mandolin & Ukulele, Electric Guitar, Percussion, Claps & Snaps, Whistle, Backing Vocals, Electronic Drums","Cinematic, Children, Corporate",105,"A chill-out track with flute and synth. The mood is peaceful and relaxed. The main instruments are flute, synth, and percussion. The genre/style is instrumental, soundtrack, ambient. This track can be used in the background of a travel vlog, a meditation video, or a yoga session.",88,
Artlist,Warm Jamaica,Tomer Ben Ari,Vigorous,"Uplifting, Happy, Carefree, Playful","Food, Road Trip, Lifestyle, Fashion, Drone Shots, Landscape, Nature, Travel","Electric Guitar, Acoustic Drums, Percussion, Backing Vocals, Keys, Brass",Reggae,97,"The audio is a reggae song featuring a brass section, bass, and drums. The song is medium tempo with a groovy bass line and brass section melody. The song is a happy and fun reggae song with a catchy melody. This song would be perfect for a scene in a tropical island setting, such as a beach party or a summer vacation.",89,
Artlist,Freaky Boy,Damon Power,Vigorous,"Uplifting, Carefree, Groovy","Urban, Fashion, Commercial","Synth, Backing Vocals, Electronic Drums, Bass","Electronic, Hip Hop",130,"A trendy, upbeat, and energetic hip-hop instrumental with a catchy flute melody, hard-hitting drums, and a danceable beat. The mood is upbeat and celebratory, with a strong sense of confidence and self-assuredness. The main instruments include the flute, drums, and bass. The genre/style is hip-hop, trap, and dance. This instrumental would be perfect for use in commercials, vlogs, and workout videos.",90,
Artlist,Wonders of the Universe,Artlist Musical Logos,Serious,"Dramatic, Tense, Mysterious","Documentary, Shorts, Intros & Logos","Strings, Bells, Orchestra, Brass",Cinematic,130,"A mysterious and suspenseful orchestral track featuring strings, woodwinds, brass, and percussion. The music is slow and building, with a sense of tension and anticipation. The piece is ideal for use in film, television, and video games, particularly in scenes of intrigue, investigation, and mystery.",91,
Artlist,Fortitude - Short Version,Lance Conrad,Serious,"Uplifting, Serious, Dramatic, Hopeful, Exciting","Business, Technology, Time-Lapse, Lifestyle, Urban, Industry, Landscape, Shorts","Piano, Strings, Orchestra, Brass",Cinematic,128,"A cinematic track that builds from a minimal piano and strings introduction to a full orchestral crescendo. Perfect for trailers, film, TV, games, advertising, and more.",92,
Artlist,Counter,Artlist Musical Logos,Serious,"Serious, Angry, Tense, Scary, Dark","Trailer, Intros & Logos","Synth, Electronic Drums, Bass",Cinematic,90,"A dark, intense, and powerful cinematic track featuring heavy percussion, synths, and strings. The track is perfect for use in film, trailers, and video games, creating a sense of tension and drama.",93,
Artlist,Day One - Short Version A,Swirling Ship,Dreamy,"Uplifting, Carefree, Serious, Hopeful","Business, Education, Road Trip, Medical","Mandolin & Ukulele, Acoustic Guitar, Acoustic Drums, Percussion, Keys, Bass","Acoustic, Folk, Corporate",98,"A positive and uplifting instrumental featuring piano, ukulele, guitars, bass, drums, and percussion. The uplifting and inspirational mood will evoke feelings of joy, happiness, and positivity. This track is perfect for use in corporate videos, commercials, advertisements, movie soundtracks, and more.",94,
Artlist,Shaal Region - Short Version,Swirling Ship,Calm,"Carefree, Love, Peaceful, Playful, Hopeful","Business, Food, Education, Documentary, Road Trip, Medical, Nature, Weddings, Travel","Acoustic Guitar, Piano, Acoustic Drums","Cinematic, Acoustic, Folk",120,"A calm and warm acoustic guitar track that evokes feelings of happiness and positivity. The simple and melodic guitar picking is accompanied by a steady beat and subtle bass line. The gentle and soothing nature of this track makes it perfect for use in videos, commercials, and other media that require a calming and uplifting background.",95,
Artlist,Take Off - Short Version B,Swirling Ship,Dreamy,"Serious, Dramatic, Hopeful","Time-Lapse, Documentary, Medical, Slow Motion","Piano, Strings, Percussion","Cinematic, Acoustic",128,"A modern, confident and uplifting piece of music that builds throughout, featuring piano, strings, drums and a light electronic beat.",96,
Artlist,We Will Get There - Short Version A,Dan Ayalon,Vigorous,"Uplifting, Carefree, Hopeful",Road Trip,"Acoustic Guitar, Claps & Snaps","Acoustic, Folk, Corporate",89,"A cheerful and upbeat acoustic track with acoustic guitar, piano, claps, tambourine, and drums. The optimistic and uplifting mood will evoke feelings of happiness and joy. It will certainly work well with corporate videos, business projects, presentations, commercials, advertising, TV ads, YouTube videos, vlogs, and more.",97,
Artlist,Promised Land - Short Version B,Dan Ayalon,Agitated,"Serious, Dramatic, Angry, Groovy","Road Trip, Urban","Electric Guitar, Acoustic Drums, Vocal, Backing Vocals","Indie, Rock",65,"A groovy, upbeat, and energetic garage rock track with a catchy and melodic guitar riff, groovy bass, and punchy drums. The song has a lively and energetic vibe with a strong and powerful chorus. The genre of the song is garage rock, which is a subgenre of rock music that originated in the 1960s and 1970s in the United States. The song is perfect for use in commercials, advertising, and media that needs a high-energy and upbeat soundtrack.",98,
Artlist,New World - Short Version B,Ziv Moran,Sad,"Love, Peaceful, Serious, Dramatic, Sad, Hopeful","Time-Lapse, Road Trip, Urban, Landscape, Slow Motion","Electric Guitar, Piano, Acoustic Drums, Strings, Keys","Acoustic, Indie",73,A slow and reflective indie rock instrumental with a sense of longing and introspection. The guitar is the main instrument and it is accompanied by a simple beat and some strings. The mood is somber and contemplative.,99,
Artlist,"Variations on 'Ah, vous dirai-je, Maman' - Var. 3",Raviv Leibzirer,Humorous,"Playful, Funny","Education, Nature",Piano,Classical,162,This is a fast and lively ragtime piece. It is being played on a piano. It is a very energetic and playful piece. It would be good for a scene in a comedy movie where someone is trying to get out of a difficult situation. It could also be used in a video game to add some excitement and energy to the gameplay.,100,
envato,Energetic Funky Intro,Tonydrumer,Vigorous,"action, advertising, agent, big band, brass, breakbeat, catchy, commercial, cool, drums, energetic, fun, funk, funky, groove, horns, intro, investigation, james bond, late night show, logo, opener, positive, radio, retro, spy, tv show, upbeat, uplifting, vlog",,,,110,"Get groovy with this funky and upbeat royalty-free music track, featuring catchy guitar riffs, groovy bass lines, energetic drums, and fun horns. Perfect for use in advertising, TV commercials, movies, trailers, video games, and more.",101,
envato,Greatest Epic Opener,ArchitectSound,Agitated,"action, adventure, apocalyptic, battle, blockbuster, cinematic, cyberpunk, dark, dramatic, emotional, energetic, epic, fantasy, heroic, hollywood, inspirational, intense, legendary, majestic, monumental, orchestral, powerful, rising, soundtrack, suspense, tension, trailer, triumphant, uplifting, victory",,,,,"This is a powerful cinematic track with a dramatic and epic atmosphere. It features a full orchestra with strings, brass, woodwinds, and percussion. The main instruments are the strings and the brass, which create a powerful and majestic sound. The track is perfect for film, television, and video games. It is also suitable for advertising, marketing, and corporate videos.",102,
envato,Happy Halloween 4,Anandavana,Humorous,"cartoon, castle, celebrate, cheerful, children, comedy, crafty, crotales, funny, halloween, happy, harpsichord, haunted, holiday, ident, movie, music, mystical, night, pizzicato, playful, positive, show, simple, trailer, trick or treat, tv, uplifting, vampire, witch",,,,144,"A fast-paced, playful piece with a mischievous vibe. Features pizzicato strings, woodwinds, and harpsichord. Great for comedies, cartoons, and Halloween projects.",103,
envato,Minor Ragtime Loop,EasyTunes,Happy,"bar, cheerful, comical, dance, dancing, early jazz, funny, happy, historical, humorous, joke, joyful, jazz, kids, loop, laughter, mischievous, movement, new orleans, old film, old movie, old recording, parody, piano, retro, ragtime, saloon, swing, smile",,,,195,"A happy and playful ragtime piano piece. Perfect for funny videos, retro games, cartoons, comedy, or any project that needs a fun and cheerful retro piano sound.",104,
envato,Sad Piano,PineAppleMusic,Sad,"agony, autumn, ballad, classical, deep, depress, drama, emotional, gentle, intimacy, lonely, love, lyrical, melancholy, mellow, memories, nostalgic, piano, quiet, sad, sadness, sensitive, sentimental, slow, sorrowful, thoughtful, touching, warm, winter",,,,90,"A subtle, delicate and thoughtful piano piece with subtle synth textures. Calm, thoughtful and reflective.",105,
envato,The Happy Intro,Korolkov,Vigorous,"advertising, fitness, beach, blog, business, commercial, corporate, drone, electronic, elegant, energetic, game, jog, instagram, intro, landscape, future bass, modern, opener, powerful, presentation, promo, review, sport, summer, tik-tok, trap, traveling, vlog, youtube",,,,150,"A modern, upbeat and stylish electronic track with a dynamic and powerful sound. The track features catchy synthesizers, a powerful beat, and a groovy bassline. The mood of the track is energetic, uplifting, and inspiring. This track is perfect for use in commercials, advertisements, and promotional videos. It will also work well in sports videos, fitness videos, and vlogs.",106,
envato,For Kids,Eugene_Barduja,Happy,"acoustic, ad, advert, advertising, advertisment, background, carefree, cheerful, children, claps, commercial, corporate, easy, guitar, happy, inspirational, joyful, merry, motivational, optimistic, organ, playful, positive, succesful, success",,,,130,"A happy and cheerful track with ukulele, whistle, claps, bass, and drums. It's perfect for corporate videos, commercials, advertisements, podcasts, and more.",107,wav
envato,Sad Cinematic Background Loop,bdProductions,Sad,"emotional, background, sad, inspiring, loop, voiceover, youtube, podcast, cinematic, piano, bittersweet",,,,56,"A sad and dramatic piece with a solo piano, a double bass, and a choir. The atmosphere is very dramatic and suspenseful.",108,wav
envato,Inspiration,Stockwaves,Calm,"acoustic, advertising, business, calm, commercial, corporate, creative, emotional, energy, hopeful, innovative, inspiring, joyful, modern, motivational, optimistic, piano, positive, presentation, smooth, strings, successful, technology, travel, uplifting, video, wonderful",,,,102,"A sentimental and emotional piano and orchestra piece that evokes feelings of love, nostalgia, and wonder. The lush strings and warm piano create a romantic and heartfelt atmosphere, while the gentle bells add a touch of magic and wonder. This piece would be perfect for a wedding scene, a romantic montage, or a nostalgic memory.",109,
envato,Childrens Loop,plastic3,Dreamy,"background, beautiful, bells, celebration, children, christmas, youtube, corporate, family, fun, game, happy, holiday, jingle, joyful, kids, logo, loop, music, tiktok, opening, optimistic, party, positive, ringtone, santa, video, website, xmas, instagram",,,,140,"This upbeat electronic track features a warm piano melody, groovy bass, and a punchy beat. It has a positive and uplifting mood that is perfect for corporate videos, business projects, presentations, commercials, advertising, TV ads, YouTube videos, vlogs, and more.",110,wav
envato,Power Up,Adigold,Agitated,"motivational, driving, upbeat, positive, powerful, dynamic, fresh, lively, modern, rhythmic, exciting, groovy, energetic, pumping, electrifying, vibrant, intense, twitch, uplifting, inspiring, beat, synth, melody, exhilarating, youtubers",,,,130,"This is a dynamic and powerful royalty-free dubstep logo with a lot of energy and punchy beats. The track features edgy synths, bass, percussion, and sound effects. It is ideal for action scenes, extreme sports, games, and trailers.",111,
envato,Creeping Prank,Nuclearmetal,Humorous,"background, bells, cartoon, comedy, crazy, creepy, dark, enchanted, fear, fun, halloween, horror, inspiring, intense, intro, kids, loop, magic, movie, mystery, nightmare, orchestra, power, prank, quirky, scary, sneaky, spooky, strings, terrifying",,,,,"A short, quirky and funny track featuring glockenspiel, vibraphone, pizzicato strings, and other quirky instruments. It has a playful, sneaky, and funny mood.",112,
envato,Horror Trailer,OhmLab,Serious,"horror, suspense, scary, freaky, haunting, chilling, atmospheric, creepy, psychological, fear, fright, frightful, dark, zombie, soundscape, trailer, commercial, background, cinematic, movie, thriller, action, haunted, ghost, soundtrack, terrifying, eerie, sinister, spooky, halloween",,,,145,"Dark and eerie atmospheric soundscape. Scary horror soundtrack with dark ambient sound effects. Scary horror background music with creepy atmospheric sounds. Perfect for cinematic horror, scary scenes, tension, horror trailers, suspense, fear, horror movies, halloween, and more.",113,
envato,Convicted,Purpleplanet,Serious,"dramatic, epic, tense, tension, cliff hanger, ending, scene, film, drama, climatic, climax, finale, danger, dangerous, strings, orchestral, production, music, background, short, dominant, series, tv, conclusion, final, nervous, adrenaline",,,,,A cinematic and orchestral piece that evokes the feeling of a dramatic news report. The piece opens with a slow and steady string melody that is joined by a brass melody and a deep timpani roll. The music then builds to a crescendo and ends with a powerful and epic string melody.,114,
envato,Happy Snowflake,scottwills,Calm,"piano, happy, positive, carefree, childlike, magical, innocence, peaceful, free, wonder, fairy, classical, video, delicate, love, loving, lovely, web, presentation",,,,100,"A soft and warm piano track, full of emotions and tender feelings. This music is suitable for background music, romantic scenes, and touching moments.",115,
envato,Upbeat Jazz Intro,Tonydrumer,Vigorous,"advertise, background, big band, carefree, children, comedy, commercial, cooking, easy, explainer, fast, food, fresh, fun, funny, guitar, happy, hey, jazz, joy, kids, modern, piano, short, show, swing, trumpet, upbeat",,,,115,"This upbeat, groovy, and funky track features a catchy bass line, groovy drums, and a catchy guitar riff. The brass section adds a festive and celebratory feel to the track. The song is perfect for advertising, commercials, and corporate videos that need a fun and upbeat soundtrack.",116,
envato,Documentary Background Loop,bdProductions,Serious,"ambient, atmospheric, background, documentary, dramatic, gentle, inspiring, light, piano, voiceover, youtube, loop",,,,108,"A smooth and ambient electronic track featuring a marimba, bass, drums, and various synth textures. The mood is relaxed and easygoing, with a subtle sense of tension. This track is good for technology, science, and documentaries.",117,wav / 17S
envato,Circus Game,WormwoodMusic,Humorous,"accordeon, arcade, cartoon, cartoonish, circus, clown, clowns, comedy, game, gameplay, greek, italian, loop, main menu, mandolin, menu, pasta, pirate, pizza, platform, tarantella, video game, wine",,,,130,"A fun and quirky track with a retro vibe. Featuring a bouncy bass, plucky ukulele, quirky trumpets, and playful percussion. Great for comedies, cartoons, and kids' shows.",118,
envato,Deck The Halls Intro Opening,ABSounds,Dreamy,"christmas, xmas, deck the halls, carol, opening, fanfare, winter, holiday, santa, snow, bells, jingle bells, intro, merry, merry christmas, festive, grand opening, grand christmas, bright, christmas opening, sleigh bells, magic, advertising, celebration, solemn, orchestral, inspiring, new year, triumphant, opener",,,,155,"A powerful and dramatic orchestral Christmas track with bells, piano, strings, brass, choir, and drums. Perfect for advertising, Christmas videos, TV, and more.",119,wav
envato,Learn Grow,gballx,Dreamy,"advert, baby, child, children, joyous, kids, love, lovingly, piano, pizzicato, positive, promo, soft, sweet, tender, uplifting, warm",,,,112,"A short, simple, and light piano piece. The music has a warm and gentle feeling, with a subtle, but memorable melody. The piano plays the melody, with strings and harp adding a gentle background. The music is perfect for commercials, advertisements, and other corporate uses.",120,
envato,Spring Acoustic Guitar,VICTORMUSIC,Calm,"acoustic, acoustic guitar, advert, advertisement, advertising, animation, background, bells, bright, carefree, cheerful, commercial, corporate, fingerstyle, guitar, happy, indie, inspirational, inspiring, jingle, joyful, light, motivational, optimistic, peaceful, positive, simple, upbeat, uplifting",,,,80,"A soft and warm, acoustic folk royalty free music track, with a guitar, piano, glockenspiel, bells, bass and drums, best for ads, family, nature, vlogs, and romance.",121,
envato,Summer Opener Podcast Intro,PaBlikMM,Happy,"summer, ukulele, inspiring, opener, trailer, vlog, intro, happy, fun, holiday, vacation, kids, children, play, beach, sun, sunny, sea, seaside, coast, sand, waves, chilling, chill, peaceful, groove, guitar, percussion",,,,110,"This one is a groovy, upbeat, upbeat, positive royalty-free summer pop track, with funky guitars, claps, cool bass, vocal chops, claps, whistle, and drums, best for vlogs, advertising, promos, travel, lifestyle, or cooking contents.",122,
envato,Ready Go!,PaBlikMM,Vigorous,"funky, opener, trailer, intro, upbeat, happy, funny, clapping, hammond, guitar, drums, groovy, groove, sport, videos, clips, summer, spring, funk, motivational, commercial, advertising, brand, short clip, ad, app",,,,120,"A groovy, funky and upbeat track featuring funky guitars, bass, drums, brass and horns. It has a catchy and uplifting feel that will get your foot tapping and your body moving. It would be great for use in advertising, commercials, sports, or any project that needs a fun and upbeat background track.",123,
envato,A Dark War Horn,Antracto,Serious,"atmosphere, background, bagpipe, beautiful, calm, cinematic, dark, deep, desert, documentary, emotional, epic, fantasy, film, game, horn, ident, intro, logo, meditation, melodic, movie, mystery, sacred, sad, trailer, war, woodwind, zhaleika",,,,,"A powerful and epic track with a dark and moody atmosphere. Featuring a powerful and emotional trumpet melody over a huge orchestral arrangement. Perfect for trailers, games, and films.",124,
envato,Soft Piano Intro Logo,Tonydrumer,Calm,"ambient, background, beautiful, beauty, branding, calm, clean, commercial, company, corporate, elegant, gentle, ident, info, inspirational, intro, light, logo, modern, opener, piano, positive, presentation, reveal, short, smooth, soft, sting, stinger, stylish",,,,,"A beautiful and emotional piano intro. This is a short, emotional piano intro, with a sense of longing and nostalgia. This would be perfect for a short, emotional intro to a podcast, a video game, or any project that needs a short, emotional piano intro.",125,
envato,Wrongs,_Blacksmith_,Sad,"advertisment, background, beautiful, classic, commercial, death, depressive, despair, farewell, feeling, film, game, hope, love, melancholy, mellow, memories, movie, pain, piano, promo, romantic, sad, sadness, soundtrack, sentimental",,,,,"A beautiful and sentimental solo piano piece that has a nostalgic and nostalgic feel. This music is very soft and warm, with a romantic and intimate mood.",126,wav
envato,Welcome Dream Orchestral Logo Intro,PaBlikMM01,Dreamy,"trailer, intro, epic, podcast, atmospheric, atmosphere, ambient, film, documentary, adventure, guitar, pads, synth, evolving, melody, processed, alternative, background, underscore, slow motion, drone, aerial, cinematic, quiet",,,,100,"This is a beautiful and inspiring cinematic track featuring piano, strings, epic drums, and other orchestral instruments. The mood is hopeful, emotional, and uplifting. This track is perfect for use in film, TV, trailers, commercials, and other projects that require a heartfelt and inspiring soundtrack.",127,
envato,Intense Trailer Ident,MrOrangeAudio,Agitated,"action, aggressive, battle, blockbuster, cinematic, cinematic trailer, credits, dramatic, drums, energetic, epic, film, futuristic, heroic, huge, huge drums, hybrid, hybrid trailer, identity, intense, logo, montage, movie, music, score, taiko, teaser, trailer, triumphant",,,,,"A dramatic, suspenseful, and intense hybrid trailer track featuring powerful drums, strings, and synths. The track builds up to a climactic moment with heavy hits and powerful bass. This track is perfect for action, adventure, and suspenseful scenes in movies, video games, and trailers.",128,
envato,Personal Hero Intro Trailer Opener,PaBlikMM,Agitated,"advertise, advertising, bass, brand, catchy, commerce, commercial, drive, driven, drums, dynamic, electric, energetic, extreme, extreme sport, guitar, indie, indie rock, intro, loud, opener, powerful, punchy, rock, trailer, upbeat, uplifting, winter",,,,90,"This is a powerful, energetic and agressive rock track featuring distorted electric guitars, bass guitar, drums and stomps.",129,
envato,For An Opener,florews,Agitated,"action, cinematic, commercial, drums, energetic, epic, epica, heroic, inspiration, inspirational, inspiring, intense, intro, logo, motivation, motivational, opener, orchestra, orchestral, powerful, promo, promotional, rhythmic, soundtrack, story, strings, teaser, trailer, tv spot, victory",,,,,"A powerful, epic, cinematic trailer track with strings, brass, percussion, and sound design elements. The music builds up to a climactic ending with a big orchestral sound. This track is perfect for film, trailers, video games, and other projects that require epic, cinematic music.",130,
envato,Cinematic Epic Trailer Intro,PaBlikMM01,Agitated,"logo, opener, trailer, intro, animation, elegant, epic, synth, new, hit point, energetic, commercial, advertising, driven, drop, boom, rising, riser, technology, electronic, tech, film, vlog, soundtrack, charging, epical, cinematic",,,,120,"This track features a big cinematic orchestra, epic drums, and suspenseful strings. The mood is suspenseful, dramatic, and intense. This track is perfect for movie trailers, video games, and other media projects that require a suspenseful and epic soundtrack.",131,
envato,Saxophone Made of Diamonds,Echobrainz,Humorous,"comedy, funny, joyful, piano, saxophone, tuba, upbeat",,,,157,"A retro and funky track featuring a saxophone, trumpet, piano, bass, and drums. It has a cheerful and lively mood, making it suitable for use in advertisements, commercials, or videos that need a cheerful and upbeat soundtrack. The instruments used in the track give it a vintage and nostalgic feel, making it perfect for use in movies or TV shows set in the past. It can also be used in background music for restaurants, cafes, or bars to create a fun and lively atmosphere.",132,wav
envato,Kids Game,WormwoodMusic,Humorous,"abc, arcade, babies, babies music, baby, baby game, baby music, background, candy crush, child, children, comedy, Fagot, fun, game, gameplay, happy, joy, joyful, kid, kids, kids game, marimba, merry, oboe, puzzle, toddler, toddlers, videogame",,,,138,"A funny and silly jingle with a playful mood. The main instruments are the marimba, clarinet, bassoon, and glockenspiel. The genre is children's music. This jingle would be perfect for a cartoon, video game, or TV show that needs a silly and funny theme song.",133,
envato,Happy Ukulele Whistle Pop,StockPlanet,Happy,"advertising, background, bouncy, bright, cheerful, commercial, folk, fun, fun music, glock, guitar, happy, happy music, inspirational, instagram, joyful, kids, kids music, optimistic, pop, positive, song, summer, titles, trailer, travel, typography, ukulele, upbeat, uplifting",,,,78,"Acoustic background music with ukulele, whistle, claps, bass guitar, drums, and percussion. The uplifting and positive mood will evoke feelings of happiness and joy. It is perfect for use in advertising, commercials, corporate videos, business projects, presentations, and more.",134,
envato,Happy Clap,gballx,Happy,"advertising, emotional, energy, film, fun, gospel, ident, impact, industrial, intro, motivational, percussion, promo, quirky, score, stomping, teaser, trailer, ukelele, upbeat",,,,120,"This is a fun and happy song featuring ukulele, claps, whistle, mandolin, bass, and drums. It has a cheerful and upbeat vibe that is perfect for any positive and uplifting project. It is ideal for use in commercials, advertisements, TV shows, and films. It can also be used in children's shows, games, and other media projects that require a happy and playful atmosphere.",135,
envato,Cartoon Capers,gballx,Humorous,"animation, bright, cartoon, comedy, comic, crazy, fun, funny, humorous, humour, intro, laugh, laughing, laughter, light, playful, quirky, upbeat",,,,140,"A wild, cartoonish, retro-style theme featuring a brass band, piano, and glockenspiel. It's perfect for children's cartoons, comedy, or anything with a playful, whimsical vibe.",136,
envato,Fashion House Loop,Sawtooz,Vigorous,"butique, cat walk, city event, contemporary, cute, dance, deep, edm, electro, electronic, expensive, fashion, fashion music, fashion tv, groove, house, lights, looped, luxe tv, luxury, photo shoot, podium, positive, sexy, show, showroom, strong, trendy, underwear",,,,128,"A powerful and energetic house track with a catchy melody, a powerful beat and a groovy bassline. Great for fashion shows, events, nightclubs, festivals, commercials, advertisements, TV, YouTube, vlogs and more.",137,
envato,Audio Logo 029,brandtz,Calm,"positive, motivational, opening, happy, statement, intro, audio logo, theme, audio branding, audio signature, audio identity",,,,,"A beautiful, calm, emotional, nostalgic, soft, light, emotional, inspirational, positive, hopeful, and uplifting piano piece.",138,
envato,Minimal Technology Trailer,AirFamily,Serious,"air, artificial intelligence, broadcast, chip, commercial, creative, cyber, emotion, galaxy, graphics, hacker, hybrid, hyper, informatics, it, orchestra, piano, platform, podcast, show, soft, space, spoiler, teaser, technology, trailer, universe, videohive",,,,140,"A dark and atmospheric electronic track with a glitchy and groovy beat, deep bass, atmospheric synths, and glitchy textures. Perfect for commercials, advertising, technology, and more.",139,
envato,Upbeat Whimsical Orchestra,pinkzebra,Humorous,"big, bombastic, cartoon, children, crazy, energy, fun, goofy, lively, magical, orchestra, pinkzebra, playful, quirky, silly, uptempo, whimsical, zany",,,,175,"A playful and energetic orchestral piece featuring strings, woodwinds, and brass. The fast-paced rhythm and lively melodies create a joyful and upbeat atmosphere, making it perfect for use in children's movies, cartoons, or any project that needs a playful and energetic soundtrack.",140,
envato,Background Funk,Tonydrumer,Vigorous,"advertising, background, background funk, background music, bass guitar, beat, commercial, cooking, cool, drums, fashion, food, fun, funk, funky, groove, groovy, guitar, joyful, positive, radio, retro, soul, tv, upbeat, vintage, vlog, youtube",,,,110,"A groovy and upbeat funk track featuring electric guitars, bass, drums, and horns. Perfect for advertising, commercials, and upbeat TV shows.",141,
envato,Heavy Metal Loop,teslasounds,Vigorous,"action, drive, extreme, fight, guitars, loop, metal, metallica, power, punch, race, riff, speed, strong",,,,148,"This is a powerful and intense metal track with distorted electric guitars, driving bass, and pounding drums. The mood is aggressive and intense, with a strong sense of determination and power. The main instruments are electric guitars, bass, and drums. The genre/style is metal, with a fast and intense pace. This track would be suitable for use in action movies, video games, or any content that needs a heavy and intense musical score.",142,wav
envato,Peaceful Corporate Ambient Loop,KOSATKA,Calm,"ambient, atmospheric, background, beautiful, calm, cheerful, cinematic, corporate, deep, discovery, documentary, dreamy, emotional, encouraging, film, happy, hopeful, inspiration, inspiring, light, loop, meditation, motivating, opening, peaceful, piano, positive, sentimental, soft, timelapse",,,,73,"A soft, warm, and relaxing ambient electronic track with soft piano, electric piano, and synth pads. The track has a dreamy and calming feel, making it suitable for meditation, relaxation, and background music.",143,wav
envato,Electrix 2,Sawtooz,Vigorous,"action, aggressive, bright, complextro, crazy, current, dance, dynamic, electro, electronic, energetic, extreme, fun, futuristic, heavy, high tech, jingle, loop, mad, mainstream, party, powerful, race, rhythmic, saw, sport, workout, youthfully",,,,130,"A powerful electro house loop with a strong bassline, fat leads and punchy drums. Great for energetic and dynamic content such as commercials, sport, extreme sports, vlogs and more.",144,
envato,Health,fatbunny,Dreamy,"advertise, advertising, ambient, background, bright, business, commercial, corporate, digital technology, future, health, hi tech, innovation, marketing, medic, medical, medical background, modern, motivational, orchestral, pharmacy, presentation, science, science background, scientific, success, tech, tech background, technology",,,,130,"A calm, uplifting, and inspiring background track with piano, guitar harmonics, bass, and drums. Perfect for corporate videos, business presentations, advertising, commercials, TV ads, YouTube videos, vlogs, and more.",145,wav
envato,Italian Dance,soundroll,Humorous,"fun, funny, jolly, joyful, simple, european, traditional, dancing, animated, cheerful, celebratory, festive, party, country, booming, positive, good, merry, hilarious, cheery, playful, bright, sunny, larky, glad, jaunty, game, lively, catchy, dance",,,,155,"A fun, quirky, and upbeat Italian folk song featuring mandolin, accordion, and acoustic guitar. Perfect for advertising, commercials, cooking shows, and more.",146,wav
envato,The Indie Folk Acoustic Guitar Loop,plaincask,Calm,"acoustic guitar, advertising, bed, bouncy, bright, catchy, commercial, corporate, energetic, folk, folksy, freedom, guitar, guitar loop, happy, indie, indie loop, inspiring, joyful, lighthearted, loop, motivational, optimistic, positive, presentation, singing, upbeat, uplifting",,,,170,"A happy, upbeat and uplifting acoustic guitar track with a positive and optimistic mood. Featuring acoustic guitar, piano, strings and percussion.",147,
envato,Energy Dance Loop,Difourks,Vigorous,"beauty, blog, club, dance, dancing, edm, electro, electronic, fashion, fitness, graphic, house, lead, love, modern, motion, motivational, music, night, opener, party, powerful, presentation, progressive, sport, summer, summer party, synth, youtube",,,,128,"A powerful and energetic electro track with dubstep elements. The song features punchy beats, deep bass, wobble synths, and vocal chops. The track is perfect for use in commercials, action scenes, sports videos, and more.",148,
envato,Bossa Nova Lounge Jazz,Tonydrumer,Happy,"advertising, background, bossa, bossa nova, brazil, brazilian, calm, cheesy, chill, cocktail, commercial, flute, gentle, hotel, jazz, jazzy, latin, latin jazz, lounge, relaxing, romantic, smooth, soft, waiting",,,,78,"This is a groovy and playful salsa track featuring catchy horns melodies, bouncy drums, and a fun and upbeat vibe. It is perfect for any project that needs a festive and energetic Latin sound.",149,
envato,Modern Club Party,Difourks,Vigorous,"background, bass, blogging, club, dance, dancing, dirty, electro, electronic, energetic, energy, extreme, game, house, internet, loop, looped, modern, music, party, pop, positive, screen, site, sport, teen, track, vlog, youtube",,,,128,"A powerful and upbeat techno track with a groovy bassline, pumping drums, and catchy melodies. Perfect for club, party, or workout scenes.",150,
envato,Hard Rock Intro,grach,Agitated,"action, adrenaline, business, cars, crazy, distortion, drive, dynamic, electric, energetic, extreme, fast, freedom, game, guitar, hardcore, heavy, intro, load, logo, metal, opening, overdrive, race, racing, revolt, running, speed, sports, trailer",,,,100,"A hard rock instrumental featuring electric guitars, bass, and drums. The song has a strong and confident mood. It could be used in the soundtrack of a video game or movie, as well as in commercials and advertisements.",151,
envato,Comedy Music,GroovingGecko,Humorous,"ad, animated, animation, bar, cartoon, chase, comedy, comical, country, country piano, cowboy, excitement, exciting, fast, fun, funny, happy, humor, intense, jazz, playful, positive, quick, ragtime, saloon, silent film, slapstick, uplifting, western, wild west",,,,138,"A fast-paced ragtime piano solo, ideal for comedies, cartoons, and vintage media.",152,
envato,Little Ragtime,DariusMusicProduction,Happy,"1920s, 1930s, 1940s, 1950s, benny hill, charlie chaplin, comedy, cowboy, dixieland, drunk, foxtrot, fun, funny, happy, hilarious, honky tonk, jazz, joke, loop, old fashioned, piano, radio, ragtime, retro, saloon, silent movie, toy, cartoon, vintage, vinyl",,,,92,"A vintage, retro, 1920's style ragtime piano tune, with a catchy melody and playful, humorous, silly vibe. Great for old-time comedies, silent movies, funny commercials, cartoons, children's shows, and more.",153,
envato,Wild West Slow Dobro Guitar,ilovemedia-es,Sad,"advertisement, blues, commercial, cowboy, dark, depressed, desert, dobro, dramatic, duel, guitar, loneliness, melancholy, resonator, sad, slide, slow, solo, southern, steel, tense, tension, western, wild west",,,,105,This short musical cue features a Spanish guitar playing a melody that is full of mystery and longing. It is perfect for use in a scene where a character is reflecting on their past or lost love.,154,
envato,Black Magic Drama Tension,FlossieWood,Serious,"30 seconds, bells, black magic, dark, drama, film, magic, magical, mysterious, mystery, piano, secret, sneaky, sombre, spy, spying, suspense, suspenseful, tension, thriller, triangle, uncertainty, underscore",,,,,"A piano and orchestra play a suspenseful, action packed theme. The music builds and then comes to a dramatic climax. This music is perfect for a scene in a movie or video game where the hero is in a high stakes situation and must make a decision.",155,
envato,Short Old England,R-Production,Dreamy,"british, cello, celtic, classical, detective, england, english, harpsichord, irish, old, olde, scottish, sherwood, viola, violin",,,,90,"A traditional and elegant orchestral waltz with a strong and steady beat, featuring strings, piano, and brass instruments. Suitable for use in scenes that require a classic and sophisticated atmosphere, such as weddings, balls, or formal events.",156,
envato,Into the Edge,Pandocrator,Serious,"action, ambient, atmosphere, atmospheric, background, cinema, cinematic, dark, drama, dramatic, drums, end, epic, film, hollywood, intense, intro, melancholic, modern, movie, mystery, outro, pain, powerful, short, sorrow, soundtrack, trailer",,,,150,"A powerful, dark and edgy trailer track with a sense of tension and drama. Featuring a variety of synths, strings, percussion and sound design elements. Perfect for trailers, action scenes, horror movies, games and more.",157,
envato,Disco Guitar Groove,Frontmusic,Happy,"background, bass, catwalk, disco, fashion, fashion girl, fashion tv, funky, funky groove, groove, guitar, house, jazz, light, loop, lux tv, luxury, media, model, mtv, nu disco, nu funky, podium, pop, rhodes, soul, stylish, trendy, video",,,,120,"A groovy, funky, and upbeat disco track with a groovy bassline, funky guitars, and a groovy beat. The track is perfect for vlogs, fashion shows, or any project that needs a groovy and upbeat soundtrack.",158,
envato,Energetic Rock Intro,MDFactory,Happy,"advertising, carefree, cheerful, children, commercial, cooking, cooking show, corporate, cute, electric guitar, feelgood, energetic, fun, funny, game, happiness, happy, holiday, jolly, joy, kids, rock, intro, optimistic, playful, playtime, positive, rock intro, upbeat, uplifting",,,,110,"A groovy, upbeat and energetic pop rock track featuring catchy guitar riffs, uplifting bass, punchy drums and positive mood. Perfect for use in advertising, vlogs, commercials, corporate videos, YouTube videos, Instagram stories, TikTok videos, and more.",159,
envato,Children,flutist,Happy,"acoustic, advertising, animated, bass, bells, bouncy, brass, bright, carefree, catchy, cheerful, commercial, crisp, energetic, event, exciting, fun, game, happy, joyful, light, optimistic, playful, playground, positive, promotional, ukulele, upbeat, uplifting",,,,100,"Upbeat and positive music track featuring ukulele, piano, whistle, claps, drums and bass. The bouncy and uplifting mood, combined with the catchy melody, creates a fun and happy atmosphere. This track is perfect for commercials, advertising, corporate videos, business projects, presentations, vlogs, podcasts, and more.",160,
envato,Vibes Of Summer Ukulele Happy,PaBlikMM,Happy,"acoustic, ukulele, reggae, sumemr, gallery, photos, intro, opener, trailer, logo, romance, cinematic, film, movie, advertising, vlog, bolg, podcast, inspiring, motivational, calm, peaceful, relaxing, tender, neat",,,,90,"This is a cheerful, upbeat, and positive royalty-free reggae track featuring ukulele, acoustic guitar, bass, drums, and percussion. It has a carefree, relaxed, and joyful mood that is great for advertising, commercials, summer videos, vacation vlogs, and more.",161,
envato,Debussy Clair de Lune Slow Piano Intro,ilovemedia-es,Sad,"30 second, 30 seconds, ad, ads, advertisement, advertising, bergamesque, Clair de Lune, classic, classical, commercial, Debussy, elegant, emotional, moonlight, piano, promo, radio, slow, tv",,,,,"A soft and gentle piano piece. The piano plays a simple melody with a subtle chordal background. The piece is relaxing and calming. It could be used as background music in a peaceful setting, such as a spa or yoga studio.",162,
envato,Soft Ambient Dark Piano,ElevateAudio,Sad,"piano, soft, ambience, ambiance, solo, beautiful, sad, cinema, darkness, pianist, dramatic, emotional, farewell, moving, interview, time, history, crime, tense, movie, film, reel, information, soothing, investigation, montage, suspense, template, advertising, background",,,,200,"A beautiful, melancholic piano melody plays in the background. The music is warm and calm, and it evokes feelings of sadness and longing. The piano's gentle notes create a soothing and calming atmosphere. The music is perfect for use in films, documentaries, and television shows that require a subtle and emotional soundtrack.",163,
envato,Ethnic Quena Flute,Antracto,Serious,"atmosphere, background, beautiful, bright, calm, cinematic, dark, documentary, east, eastern, emotional, ethnic, fantasy, film, flute, game, ident, inca, indians, intro, japan, kena, logo, meditation, melodic, movie, mystery, quena, trailer",,,,,"A dramatic and intense track featuring traditional Chinese flute, ethnic percussion, and atmospheric pads. The music is powerful, mystical, and emotional, evoking a sense of adventure, discovery, and wonder. It is perfect for use in cinematic trailers, video games, and documentaries that explore ancient cultures, nature, and spirituality.",164,
envato,Elegant Piano Valentines Podcast Intro,PaBlikMM01,Calm,"elegant, piano, valentines, podcast, intro, romantic, graceful, intimate, warm, soft, heartfelt, sentimental, loving, sweet, tender, sophisticated, smooth, charming, uplifting, emotional, nostalgic, gentle, melodic, beautiful, relaxing, calm, inspiring, dreamy, peaceful",,,,180,"Inspiring piano music with a motivational and hopeful mood. The beautiful and emotional piano melody creates a peaceful and hopeful atmosphere. The music is perfect for background music, commercials, advertising, slideshows, YouTube videos, vlogs, and more.",165,
envato,Debussy Clair de Lune Piano and Flute Intro,ilovemedia-es,Sad,"30 second, 30 seconds, ad, ads, advertisement, advertising, bergamesque, Clair de Lune, classic, classical, commercial, Debussy, elegant, emotional, flute, moonlight, piano, promo, radio, slow, tv",,,,,A sad and lonely piano piece. The main instruments are piano and clarinet. The genre is classical. This music is perfect for a recommendation or search system.,166,
envato,Acoustic Guitar Romantic Bright,VICTORMUSIC,Calm,"acoustic guitar, advertising, background, beautiful, bright, calm, comforting, commercial, documentary, earthy, family, film, fingerstyle, folk, gentle, hopeful, indie, inspiring, memory, morning, light, peaceful, positive, romantic, simple, sweet, uplifting, video, warm, wedding",,,,100,A calm and positive acoustic guitar instrumental with a relaxed and hopeful mood.,167,
envato,For Positive Logo,liosound,Dreamy,"acoustic, beautiful, beauty, bright, calm, cheerful, dreamy, elegant, emotional, encouraging, fulfilling, guitar, hope, inspiration, inspirational, inspiring, life, light, love, lovely, melancholy, mellow, motivational, nostalgic, peace, quiet, romantic, soft, story, uplifting",,,,,"This is a positive and upbeat acoustic track featuring acoustic guitars, piano, bells, claps, and percussion. It has a warm and uplifting mood and is perfect for use in commercials, advertising, and any project that needs a positive and inspiring soundtrack.",168,
envato,Happy Logo Ident,liosound,Happy,"acoustic, advertising, background, bells, bright, catchy, cheerful, children, claps, commercial, corporate, folk, fun, glockenspiel, guitar, happy, inspirational, joyful, kids, lovely, motivational, optimistic, positive, success, summer, ukulele, upbeat, uplifting, whistle",,,,,"A happy, upbeat, positive, and cheerful track featuring ukulele, whistling, claps, snaps, bass, drums, and more.",169,
envato,Energy Punk Rock Logo,Dagored,Agitated,"action, cars, commercial, cool, dirty, drive, driving, energetic, energy, groovy, grunge, hard rock, indie, indie rock, intro, metal, podcast, positive, power, powerful, punk, punk rock, rock, sports, stylish, upbeat, uplifting",,,,,"This is a powerful and energetic rock track with catchy riffs, driving drums, and soaring guitars. It's perfect for use in action movies, sports videos, and extreme sports content. The track has a strong and intense vibe that will get your audience's adrenaline pumping.",170,
envato,The Battle Begins,8thModeMusic,Agitated,"action, adventure, agressive, bass, battle, big, cello, dark, energetic, fantasy, fight, game, loop, looping, orchestral, rhythmic, rpg, short, strings, sword, upbeat, viola, violin, war",,,,134,"A driving and suspenseful orchestral track with a strong and ominous theme. The piece is perfect for action scenes, intense moments, and dark and brooding themes. The music is full of suspense and tension, with a driving rhythm and powerful melodies. The track is also suitable for film, TV, and video games.",171,wav
envato,Happy and Upbeat Intro Logo,Tonydrumer,Humorous,"acoustic, advertising, bouncy, bright, catchy, cheerful, children, christmas, claps, commercial, energetic, fun, funny, happy, happy logo, ident, intro, kids, melody, playful, positive, promo, smile, summer, travel, flute, upbeat, uplifting, youth, youtube",,,,,"An upbeat, happy, energetic, fun, catchy, and positive track featuring a catchy brass melody, funky bass, drums, claps, and percussion. This track is perfect for advertising, commercials, and corporate videos.",172,
envato,Attack of the Elfmen,JBlanks,Humorous,"cartoon, comedy, fun, funny, madcap, madness, parody, quirky, silly, slapstick, upbeat, wacky, zany",,,,,"A playful and lively orchestral soundtrack featuring staccato strings, playful woodwinds, and energetic percussion. The fast-paced rhythm and catchy melodies create a playful and humorous atmosphere, making it ideal for use in children's or comedy productions.",173,wav
envato,Corporate Loop Presentation,Positive_Sound,Calm,"advertising, atmospheric, beauty, business, calm, commercials, corporate, dream, flowing, freedom, hope, hopeful, innovate, inspirational, inspiring, life, light, loop, loopable, marketing, motivational, progress, promotional, relax, successful, tech, technology, uplifting, warm, web",,,,114,"A positive, inspiring, and uplifting background track featuring piano, electric guitars, strings, bass, and drums. The uplifting and inspiring mood will evoke feelings of happiness and joy. It will certainly work well with corporate videos, business projects, presentations, commercials, advertising, TV ads, YouTube videos, vlogs, and more.",174,wav
envato,Dynamic Promo,PineAppleMusic,Agitated,"cinematic, clap, clapping, claps, drums, dynamic, energetic, energy, fashion, fast, finger snaps, intro, kick, modern, opener, percussion, pineapplemusic, powerful, rhythmic, rock, slap, snap, sport, stomp, stomping, stomps, strong, trailer, promo, upbeat",,,,147,"This is a percussive clap and stomp track with energetic beats, claps, snaps, shakers, risers, subs, impacts, shouts, and more. Perfect for sports, commercials, promos, vlogs, ads, dynamic scenes, or any high-energy project.",175,
envato,Sports Theme,StepanBel,Agitated,"action, adventure, advertising, background, beat, building, cinematic, clapping, claps, commercial, corporate, dance, drums, energetic, energy, epic, fast, football, fresh, fun, modern, motivational, percussion, powerful, rhythmic, sport, sports theme, stomps, trailer, upbeat",,,,140,"Exciting and energetic percussion track with stomps, claps, snaps, powerful drums and riser. Perfect for action, sports, dynamic commercials, promos, vlogs, films, trailers, video games, advertising and more.",176,
envato,Funky TV Show Food,Tonydrumer,Humorous,"casino, comedy, commercial, cooking, drive, energetic, food, fun, funk, groove, happy, kitchen, lifestyle, movie, old school, party, positive, retro, show, style, travel, tv, vintage, vinyl, vlog",,,,122,"A retro 60s funky soul groove featuring a brass section, guitars, bass, drums, and organ. This track is perfect for advertising, TV shows, and films that need a groovy and funky sound.",177,
envato,Moody Piano Intro Logo,AmethistLab,Sad,"calm, hope, indent, intro, logo, memories, moody, peaceful, piano, sad, tranquil, winter",,,,,"A calm, soothing, and atmospheric piano piece. The piano is accompanied by a beautiful, ethereal, and spacious soundscapes. The music is perfect for cinematic projects, documentaries, YouTube videos, and more.",178,
envato,China Love Reveal Ident,simonleng,Dreamy,"africa, asia, asian, celebration, cheerful, china, chinese, dragon, energetic, epic, feelgood, festival, happy, inspire, inspiring, japan, joyful, mellow, melodic, motivating, year, parade, party, peace, peaceful, relaxed, relaxing, traditional, upbeat",,,,,"A calm and soothing piece of music with a mysterious and magical vibe. The track features piano, strings, and bells. The music is suitable for use in cinematic productions, video games, and other media projects that require a mysterious and magical atmosphere.",179,wav
envato,Ambient Soundscape Background Loop,bdProductions,Calm,"ambient, background, gentle, inspirational, inspiring, loop, music loop, pad, peaceful, piano, soundscape, uplifting, voiceover",,,,76,"A calm and meditative track featuring piano, strings, and synthesizers. The piece is calm and soothing, perfect for relaxation, meditation, or as background music.",180,wav
envato,School Loop,fatbunny,Calm,"advertising, background, bright, catchy, cheerful, commercial, corporate, dance, driving, energetic, exciting, feel good, fresh, fun, guitar, happy, indie, inspirational, inspiring, modern, motivational, optimistic, party, pop, positive, success, summer, travel, upbeat, uplifting",,,,124,"This is a soft and warm corporate track with beautiful piano, gentle guitars, atmospheric pads, and warm bass. Perfect for corporate videos, presentations, promotions, advertising, vlogs, and more.",181,wav
envato,Inspirational Music Loop,plastic3,Dreamy,"advertising, background, bright, cinematic, commercial, corporate, emotional, energetic, excited, happy, inspirational, inspiring, instagram, intro, logo, loop, motivational, opener, opening, optimistic, popular, positive, short, successful, tiktok, travel, tv, uplifting, violins, youtube",,,,70,"This is a powerful and energetic track featuring strings, electric guitars, bass, and drums. The mood is uplifting and inspiring, making it perfect for commercials, advertisements, movie trailers, and more. The strings and electric guitars create a sense of movement and energy, while the bass and drums provide a strong foundation. The track is also very dynamic, with changes in tempo and instrumentation that keep the listener engaged. Overall, this track is perfect for any project that needs a powerful and energetic background music.",182,wav
envato,Blues Fingerpicking Guitar Loop,Remstunes,Calm,"acoustic background, acoustic guitar, acoustic sound, blues, bouncy, bright, catchy, cheerful, commercial, fingerpicking, game, guitar, jazz, jazzy, lonesome, loop, picking, positive, solo, upbeat, uplifting, walking, website",,,,126,"A solo acoustic guitar plays a jazzy, bluesy, and upbeat riff. Great for a short, fun, and uplifting intro.",183,
envato,Chillout Loop,Sawtooz,Sad,"advertising, ambient, atmospheric, beautiful, business, calm, chill, cinematic, commercial, corporate, deep, dreamy, electronic, emotional, inspiration, inspirational, inspiring, light, minimal, modern, motivational, peaceful, piano, positive, presentation, relax, relaxing, soft, uplifting",,,,140,"A smooth and relaxed track with a chilled out vibe. The piano and synths create a sense of tranquility and calmness. The beat is simple and steady, creating a sense of stability and security. This track would be suitable for use in corporate videos, commercials, and advertisements. It could also be used in meditation and relaxation videos.",184,
envato,Sad Background Music Loop,plastic3,Sad,"sorrow, atmospheric, background, slow, cinematic, coronavirus, deep, dramatic, dreamy, sad, emotional, enigma, epic, film, game, ident, logo, loop, meditative, melodic, moody, mysterious, opening, piano, melancholic, relaxing, short, tragedy, tv, video",,,,68,"This is a loopable piece of music with piano, strings, and a simple beat. It has a melancholic and nostalgic feel to it, and it would be great for use in a sad or nostalgic scene in a movie or TV show. It could also be used in a video game to create a sense of sadness or longing.",185,wav
envato,The Sadness Music,BrightNotesSounds,Sad,"advertising, autumn, calm, cancer, cello, drama, emotional, grief, health, hopeless, landscape, life, loss, melancholy, memories, orchestra, orchestral, piano, production, romantic, sad, sentimental, slide-show, slideshow, social, story, strings, time, time lapse, yearning",,,,68,"An emotional and inspiring cinematic track with a beautiful melody, featuring piano, strings, and brass. The music is perfect for weddings, romantic videos, nature scenes, and emotional moments.",186,
envato,Fragile Piano Ident,scoringaudiogeeks,Calm,"ad, advert, airy, arpeggio, boom, bright, business, clear, design, electric, enterpreuner, eternal, harmony, intro, introduction, light, logo, piano, refreshing, reveal, reverb, sci-fi, smooth, soaring, sound, spacious, spot, stylish, synth, woosh",,,,,"A beautiful and emotional piano track with emotional strings, cinematic percussion and sound effects. Perfect for cinematic trailers, movie scenes, film scores, documentaries, slideshows, and much more.",187,wav
envato,The Sadness Piano Music,Korolkov,Sad,"ambient, background, chamber, cinematic, classical, commercial, crying, dark, documentary, drama, dramatic, emotional, epic score, film, game, hopeless, hypnotic, loss, military, nostalgia, patriotic, peaceful, philosophic, piano depression, sad, sensitive, touching, tragedy, war",,,,100,"The music is an ambient piano track with a nostalgic, emotional and reflective mood. The main instruments are piano and synthesizer. The genre is ambient, classical, contemporary classical and cinematic. The music is suitable for documentaries, commercials, movies, trailers, YouTube videos, TV ads, corporate videos, business projects, presentations, promotions, and more.",188,
envato,Breaking News Opener,SERGMARU,Agitated,"background, bbc, breaking news, broadcast, business, camera, cnn, conflicts, corporate, dramatic, economics, epic, intense, internet, intro, news, opener, orchestral, politics, reporter, sound design, studio, talk show, times, tv, USA Today, vlog, world, youtube",,,,145,"An epic cinematic track featuring orchestral strings, brass, and powerful percussion. The music builds up to a climactic ending with a powerful horn melody. Perfect for film, trailers, video games, and other media projects.",189,
envato,Psy Trance Progressive,Eugene_Barduja,Vigorous,"action, bass, beat, cars, club, cosmos, dance, dj, drive, edm, electronic, extreme, fantastic, groove, loop",,,,135,"A high energy techno loop with a strong bassline, a fat synth lead and a punchy beat. Great for sports, action, or any high energy media.",190,wav
envato,Tango,DanielPapp,Humorous,"accordion, commercial, eiffel, fiery, france, french, love, movie, music, paris, passion, passionate, scene, tango, tower, waltz",,,,130,"A happy, uplifting and bouncy traditional Russian folk song featuring accordion.",191,
envato,A Halloween,DmitriyGurzhiy,Humorous,"advertisement, bright, cartoon, cheerful, fun, game, ghost, halloween, howls, joyful, kids, melodic, motivational, optimistic, pizzicato, playful, positive, pumpkin, short, smile, soft, spooky, staccato, strings, uplifting, video game, xylophone, youthful",,,,145,"This track is perfect for creating a Halloween mood. It features a full orchestra, including strings, woodwinds, brass, and percussion. The music is fast-paced and energetic, with a driving rhythm and lots of dynamic changes. The sound is eerie and spooky, with a sense of suspense and tension. The track is ideal for use in movies, TV shows, video games, and other media that require a Halloween atmosphere.",192,
envato,Magical Fantasy Tale,SteelSound,Humorous,"cartoons, children, cinematic, commercials, cute, disney, fantasy, kids, light, magic, movie music, movies, orchestra, playful, post score, spielberg, story telling, surprise, suspense, underscore, woodwinds",,,,118,"This is a playful and humorous classical music piece featuring clarinet, flute, and trumpet. The piece has a fast tempo and is suitable for use in comedic or playful scenes. It could be used in a film, TV show, or video game to add a comedic or playful element to the scene.",193,
envato,Fresh Catchy Pop Rock Anthem,PaBlikMM,Dreamy,"anthem, energetic, vibrant, powerful, catchy, dynamic, poprock, uplifting, fresh, guitar, percussion, modern, youthful, rhythmic, inspiring, melodic, creative, motivating, exciting, driving, bold, crisp, stylish, passionate, playful, bright, engaging, radiant, innovative, fun",,,,175,"A catchy, upbeat, and energetic Indie Pop track with catchy guitars, uplifting melodies, groovy bass, and upbeat drums. Perfect for commercials, advertisements, YouTube videos, vlogs, travel videos, corporate projects, lifestyle videos, and more.",194,
envato,Ukulele Whistle (Loop),SoundtrackEmpire,Happy,"acoustic, acoustic guitar, background, background music, bells, bouncy, catchy, cheerful, children, clapping, claps, commercial, fun, glockenspiel, guitar, hand clapping, happy, kids, lighthearted, merry, modern, piano, pop, popular, positive, simple, tambourine, tv ad, ukulele, upbeat",,,,155,"A happy, upbeat, energetic, and fun royalty-free ukulele track with whistle, bass, claps, hand claps, ukulele, acoustic guitar, acoustic bass, and drums, best for ads, kids, pets, cooking, travel, vlogs, or family videos.",195,
envato,Orchestral News Intro,Tomasz_Redman,Dreamy,"announcement, background, broadcast news, broadcasting, business, commercial, company, corporate, energetic, entertainment, epic, evening news, event, financial, global, ident, intro, logo, media, network, news, opener, opening, powerful, report, solemn, sport, strings, tv, uplifting",,,,125,"This is a dynamic and uplifting music track that features powerful strings, brass, and drums. The upbeat and energetic rhythm creates a positive and motivational mood that is perfect for use in commercials, advertising, corporate videos, business projects, presentations, promotions, and more.",196,
envato,Upbeat Happy Fun Logo,puremusic,Happy,"acoustic, bouncy, bright, catchy, cheerful, children, commercial, energetic, fun, funny, happiness, happy, claps, happy logo, ident, intro, joyful, kids, logo, melody, playful, positive, smile, summer, sunny, travel, ukulele, upbeat, uplifting, youth",,,,,"A positive, upbeat, cheerful, and happy acoustic folk track with ukulele, acoustic guitar, claps, whistling, bells, and piano. Perfect for advertising, commercials, YouTube videos, podcasts, vlogs, and more.",197,
envato,Happy Birthday In Paris,Music-Ideas,Dreamy,"accordion, ads, advertising, bigband, birthday, broadway, casino, cheerful, comedy, commercial, Emily, france, french, funny, happy, intro, jazz, lateshow, lively, nightshow, opening, paris, piano, playful, realityshow, retro, series, trumpets, tv, upbeat",,,,120,"A fun and lively Latin track featuring a variety of traditional instruments such as the trumpet, saxophone, and piano. The energetic and upbeat rhythm creates a festive and celebratory mood, making it perfect for use in commercials, advertisements, and party scenes.",198,
envato,Funny Game Loop,honey_lemon,Humorous,"acoustic, bells, cartoon, children, comedy, comic, comical, folk, fun, funny, how, jazz, kids, laugh, loop, short, smile, soft, stand up, summer, tv",,,,170,"A casual, jazzy, swing music with vibraphone, piano, bass, saxophone, guitar, trombone, and claps. It is perfect for background music, advertising, corporate, commercial, radio, TV, podcast, games, YouTube, vlogs, and more.",199,wav
envato,Classic Waltz Ident,_Blacksmith_,Serious,"background, beautiful, calm, cinematic, commercial, dramatic, dreamy, elegant, emotional, film, happy, hopeful, inspiration, inspirational, inspiring, love, motivational, nostalgic, peaceful, piano, positive, reflective, romantic, sad, sentimental, soft, strings, tender, uplifting, wedding",,,,,"A beautiful, passionate, romantic and elegant waltz played by a string orchestra. The waltz has a slow tempo and is perfect for romantic scenes, love stories, weddings, or other special occasions.",200,wav